method,epoch,teacher_teacher,student_teacher_1,student_teacher_2,student_teacher_mean,student_ema
AD-MT,0,0.7228,0.902,0.8207,0.8613500000000001,
AD-MT,1,0.9553,0.9844,0.971,0.9777,
AD-MT,2,0.8764,0.8506,0.9312,0.8909,
AD-MT,3,0.955,0.7913,0.8476,0.81945,
AD-MT,4,0.9598,0.6876,0.6958,0.6917,
AD-MT,5,0.9704,0.7838,0.7887,0.78625,
AD-MT,6,0.9797,0.7925,0.8043,0.7984,
AD-MT,7,0.9788,0.802,0.8434,0.8227,
AD-MT,8,0.9607,0.8261,0.8785,0.8523,
AD-MT,9,0.9767,0.828,0.8485,0.8382499999999999,
AD-MT,10,0.9822,0.8609,0.8847,0.8728,
AD-MT,11,0.9849,0.8815,0.898,0.88975,
AD-MT,12,0.9878,0.8574,0.8416,0.8495,
AD-MT,13,0.9897,0.8276,0.8178,0.8227,
AD-MT,14,0.9925,0.9168,0.9154,0.9160999999999999,
AD-MT,15,0.9914,0.9223,0.9329,0.9276,
AD-MT,16,0.9913,0.9367,0.9493,0.9430000000000001,
AD-MT,17,0.9906,0.9318,0.9524,0.9420999999999999,
AD-MT,18,0.9917,0.9291,0.9359,0.9325,
AD-MT,19,0.9937,0.952,0.9647,0.95835,
AD-MT,20,0.9924,0.9567,0.9603,0.9585,
AD-MT,21,0.9915,0.953,0.962,0.9575,
AD-MT,22,0.9935,0.943,0.9567,0.94985,
AD-MT,23,0.993,0.9665,0.9743,0.9704,
AD-MT,24,0.9938,0.969,0.9751,0.97205,
AD-MT,25,0.9911,0.9656,0.9696,0.9676,
AD-MT,26,0.9958,0.9763,0.9799,0.9781,
AD-MT,27,0.9943,0.9692,0.9751,0.97215,
AD-MT,28,0.9947,0.9602,0.9616,0.9609000000000001,
AD-MT,29,0.9952,0.968,0.9662,0.9671,
AD-MT,30,0.9969,0.9749,0.9737,0.9742999999999999,
AD-MT,31,0.9957,0.9819,0.9822,0.98205,
AD-MT,32,0.9974,0.9849,0.9873,0.9861,
AD-MT,33,0.9972,0.9786,0.9804,0.9795,
AD-MT,34,0.9964,0.9849,0.9808,0.98285,
AD-MT,35,0.9978,0.9853,0.988,0.98665,
AD-MT,36,0.9914,0.9815,0.9851,0.9833000000000001,
AD-MT,37,0.9959,0.9799,0.9853,0.9825999999999999,
AD-MT,38,0.9978,0.9807,0.9814,0.98105,
AD-MT,39,0.9964,0.9866,0.9853,0.98595,
AD-MT,40,0.9978,0.9838,0.9842,0.984,
AD-MT,41,0.9979,0.9853,0.9825,0.9839,
AD-MT,42,0.9968,0.9814,0.9846,0.9830000000000001,
AD-MT,43,0.9958,0.9884,0.9847,0.98655,
AD-MT,44,0.9967,0.9877,0.9855,0.9866,
AD-MT,45,0.9984,0.9807,0.9789,0.9798,
AD-MT,46,0.9987,0.9829,0.9803,0.9816,
AD-MT,47,0.9975,0.986,0.9845,0.98525,
AD-MT,48,0.9968,0.9875,0.9907,0.9891000000000001,
AD-MT,49,0.9985,0.9866,0.9866,0.9866,
AD-MT,50,0.9989,0.986,0.9853,0.9856499999999999,
AD-MT,51,0.9986,0.9872,0.9871,0.98715,
AD-MT,52,0.9979,0.9865,0.9858,0.9861500000000001,
AD-MT,53,0.9987,0.9771,0.9779,0.9775,
AD-MT,54,0.9984,0.9703,0.9722,0.97125,
AD-MT,55,0.9973,0.9718,0.9698,0.9708,
AD-MT,56,0.9968,0.9855,0.9827,0.9841,
AD-MT,57,0.9977,0.9904,0.988,0.9892,
AD-MT,58,0.9967,0.9845,0.9837,0.9841,
AD-MT,59,0.9981,0.9796,0.9771,0.97835,
AD-MT,60,0.9974,0.9852,0.9871,0.98615,
AD-MT,61,0.9986,0.9832,0.9849,0.98405,
AD-MT,62,0.9978,0.9778,0.9757,0.97675,
AD-MT,63,0.995,0.9887,0.9842,0.98645,
AD-MT,64,0.998,0.9876,0.9876,0.9876,
AD-MT,65,0.9978,0.9877,0.9869,0.9873000000000001,
AD-MT,66,0.9976,0.9904,0.9895,0.98995,
AD-MT,67,0.999,0.9877,0.9888,0.9882500000000001,
AD-MT,68,0.9986,0.9837,0.9854,0.98455,
AD-MT,69,0.9984,0.9743,0.9765,0.9754,
AD-MT,70,0.9983,0.9797,0.9793,0.9795,
AD-MT,71,0.9989,0.9751,0.9767,0.9759,
AD-MT,72,0.9982,0.9648,0.9662,0.9655,
AD-MT,73,0.9986,0.971,0.9718,0.9714,
AD-MT,74,0.9987,0.9783,0.9798,0.97905,
AD-MT,75,0.9981,0.9526,0.9545,0.95355,
AD-MT,76,0.9977,0.939,0.9381,0.93855,
AD-MT,77,0.9988,0.9542,0.955,0.9546,
AD-MT,78,0.9986,0.9689,0.9667,0.9678,
AD-MT,79,0.9981,0.9838,0.9838,0.9838,
AD-MT,80,0.999,0.9812,0.9812,0.9812,
AD-MT,81,0.9975,0.9886,0.9883,0.98845,
AD-MT,82,0.9979,0.9882,0.9849,0.98655,
AD-MT,83,0.9984,0.9744,0.9713,0.97285,
AD-MT,84,0.998,0.9849,0.9818,0.98335,
AD-MT,85,0.9981,0.9848,0.982,0.9834,
AD-MT,86,0.9988,0.9807,0.9814,0.98105,
AD-MT,87,0.9982,0.9818,0.9818,0.9818,
AD-MT,88,0.9985,0.973,0.974,0.9735,
AD-MT,89,0.9974,0.9826,0.978,0.9803,
AD-MT,90,0.9972,0.9714,0.9738,0.9726,
AD-MT,91,0.9981,0.9829,0.9845,0.9837,
AD-MT,92,0.9982,0.9877,0.9866,0.98715,
AD-MT,93,0.9985,0.9847,0.9858,0.98525,
AD-MT,94,0.9986,0.986,0.9871,0.98655,
AD-MT,95,0.9989,0.9848,0.984,0.9843999999999999,
AD-MT,96,0.999,0.9818,0.9817,0.98175,
AD-MT,97,0.9988,0.9882,0.988,0.9881,
AD-MT,98,0.9988,0.9857,0.9857,0.9857,
AD-MT,99,0.9991,0.9877,0.9884,0.98805,
AD-MT,100,0.9989,0.9863,0.9879,0.9871,
AD-MT,101,0.9993,0.9781,0.9783,0.9782,
AD-MT,102,0.9987,0.9652,0.9691,0.96715,
AD-MT,103,0.9985,0.975,0.9744,0.9747,
AD-MT,104,0.9991,0.9882,0.9887,0.98845,
AD-MT,105,0.9988,0.9887,0.9876,0.9881500000000001,
AD-MT,106,0.9986,0.9853,0.9859,0.9856,
AD-MT,107,0.9991,0.989,0.9893,0.98915,
AD-MT,108,0.9986,0.9739,0.9713,0.9726,
AD-MT,109,0.9988,0.983,0.9862,0.9845999999999999,
AD-MT,110,0.9981,0.9865,0.9876,0.98705,
AD-MT,111,0.9985,0.9731,0.9736,0.9733499999999999,
AD-MT,112,0.9984,0.9558,0.9622,0.9590000000000001,
AD-MT,113,0.9983,0.9778,0.9777,0.97775,
AD-MT,114,0.9989,0.9762,0.9739,0.97505,
AD-MT,115,0.9983,0.9668,0.9696,0.9682,
AD-MT,116,0.9981,0.9817,0.9838,0.98275,
AD-MT,117,0.9981,0.9916,0.9916,0.9916,
AD-MT,118,0.9989,0.9851,0.9834,0.9842500000000001,
AD-MT,119,0.9993,0.9702,0.9682,0.9692,
AD-MT,120,0.9985,0.9685,0.9656,0.96705,
AD-MT,121,0.9988,0.9476,0.9472,0.9474,
AD-MT,122,0.9984,0.9714,0.9732,0.9722999999999999,
AD-MT,123,0.9986,0.978,0.9787,0.97835,
AD-MT,124,0.999,0.9832,0.9837,0.9834499999999999,
AD-MT,125,0.9988,0.9787,0.9783,0.9784999999999999,
AD-MT,126,0.9983,0.9787,0.9822,0.98045,
AD-MT,127,0.9985,0.9809,0.9819,0.9814,
AD-MT,128,0.9968,0.9764,0.9692,0.9728,
AD-MT,129,0.9991,0.9877,0.9873,0.9875,
AD-MT,130,0.9992,0.9885,0.9889,0.9887,
AD-MT,131,0.9993,0.9801,0.9813,0.9806999999999999,
AD-MT,132,0.9989,0.9813,0.9792,0.98025,
AD-MT,133,0.9978,0.9907,0.9891,0.9899,
AD-MT,134,0.9989,0.9807,0.9812,0.98095,
AD-MT,135,0.9989,0.9844,0.9863,0.98535,
AD-MT,136,0.9985,0.9901,0.99,0.99005,
AD-MT,137,0.9993,0.9894,0.9898,0.9896,
AD-MT,138,0.999,0.9824,0.9856,0.984,
AD-MT,139,0.9989,0.9896,0.9921,0.99085,
AD-MT,140,0.9992,0.9755,0.9762,0.97585,
AD-MT,141,0.999,0.9674,0.9693,0.96835,
AD-MT,142,0.9988,0.9746,0.9732,0.9739,
AD-MT,143,0.9991,0.983,0.9809,0.98195,
AD-MT,144,0.9989,0.947,0.9462,0.9466,
AD-MT,145,0.9992,0.9758,0.9751,0.9754499999999999,
AD-MT,146,0.999,0.9817,0.9801,0.9809,
AD-MT,147,0.9988,0.9849,0.9855,0.9852000000000001,
AD-MT,148,0.9972,0.9828,0.984,0.9834,
AD-MT,149,0.9979,0.9897,0.9887,0.9892000000000001,
AD-MT,150,0.9993,0.9886,0.9889,0.98875,
AD-MT,151,0.9989,0.9891,0.99,0.9895499999999999,
AD-MT,152,0.9991,0.9916,0.9932,0.9924,
AD-MT,153,0.9995,0.9861,0.9862,0.98615,
AD-MT,154,0.9994,0.9923,0.9916,0.99195,
AD-MT,155,0.999,0.995,0.9939,0.9944500000000001,
AD-MT,156,0.999,0.973,0.9762,0.9745999999999999,
AD-MT,157,0.9994,0.9896,0.9891,0.98935,
AD-MT,158,0.999,0.9846,0.9848,0.9847,
AD-MT,159,0.999,0.9912,0.9898,0.9904999999999999,
AD-MT,160,0.9993,0.9931,0.9925,0.9928,
AD-MT,161,0.9982,0.9916,0.9883,0.98995,
AD-MT,162,0.9979,0.9933,0.9932,0.99325,
AD-MT,163,0.9989,0.9894,0.9907,0.99005,
AD-MT,164,0.9993,0.9871,0.9868,0.98695,
AD-MT,165,0.9992,0.9927,0.9939,0.9933000000000001,
AD-MT,166,0.9992,0.9952,0.9948,0.995,
AD-MT,167,0.9991,0.9933,0.9922,0.99275,
AD-MT,168,0.9979,0.9773,0.9737,0.9755,
AD-MT,169,0.9987,0.9905,0.9894,0.98995,
AD-MT,170,0.9989,0.9924,0.9919,0.99215,
AD-MT,171,0.9985,0.9906,0.9907,0.99065,
AD-MT,172,0.9994,0.9884,0.9878,0.9881,
AD-MT,173,0.9993,0.9877,0.9875,0.9876,
AD-MT,174,0.9992,0.9762,0.9789,0.9775499999999999,
AD-MT,175,0.9985,0.9803,0.9844,0.9823500000000001,
AD-MT,176,0.9988,0.991,0.991,0.991,
AD-MT,177,0.9986,0.9926,0.9937,0.99315,
AD-MT,178,0.9992,0.9929,0.9926,0.99275,
AD-MT,179,0.9994,0.9834,0.9809,0.9821500000000001,
AD-MT,180,0.9993,0.9891,0.989,0.98905,
AD-MT,181,0.9993,0.991,0.9901,0.99055,
AD-MT,182,0.9993,0.9897,0.9888,0.98925,
AD-MT,183,0.9989,0.9827,0.9821,0.9823999999999999,
AD-MT,184,0.9992,0.9909,0.9926,0.99175,
AD-MT,185,0.9985,0.9933,0.9945,0.9939,
AD-MT,186,0.9994,0.9957,0.9954,0.9955499999999999,
AD-MT,187,0.9996,0.9931,0.9931,0.9931,
AD-MT,188,0.9995,0.9884,0.9896,0.989,
AD-MT,189,0.9994,0.9773,0.9761,0.9766999999999999,
AD-MT,190,0.9994,0.9884,0.9867,0.9875499999999999,
AD-MT,191,0.9992,0.9896,0.9911,0.9903500000000001,
AD-MT,192,0.9995,0.989,0.9896,0.9893000000000001,
AD-MT,193,0.9988,0.989,0.9879,0.98845,
AD-MT,194,0.9985,0.9951,0.995,0.99505,
AD-MT,195,0.9995,0.9952,0.9947,0.99495,
AD-MT,196,0.9984,0.9889,0.9911,0.99,
AD-MT,197,0.9992,0.9948,0.9948,0.9948,
AD-MT,198,0.9988,0.9936,0.9931,0.99335,
AD-MT,199,0.9992,0.9961,0.9963,0.9962,
AD-MT,200,0.9983,0.9772,0.9733,0.97525,
AD-MT,201,0.9992,0.9922,0.9922,0.9922,
AD-MT,202,0.9992,0.9885,0.988,0.9882500000000001,
AD-MT,203,0.9985,0.9839,0.9809,0.9823999999999999,
AD-MT,204,0.999,0.9909,0.9917,0.9913000000000001,
AD-MT,205,0.999,0.9936,0.9927,0.99315,
AD-MT,206,0.9993,0.9901,0.9888,0.9894499999999999,
AD-MT,207,0.9992,0.9882,0.988,0.9881,
AD-MT,208,0.9993,0.9942,0.9929,0.9935499999999999,
AD-MT,209,0.9985,0.9943,0.9939,0.9941,
AD-MT,210,0.9994,0.9876,0.9898,0.9887,
AD-MT,211,0.9992,0.9917,0.9928,0.9922500000000001,
AD-MT,212,0.9993,0.9889,0.9897,0.9893000000000001,
AD-MT,213,0.998,0.9922,0.9919,0.99205,
AD-MT,214,0.9964,0.9933,0.9913,0.9923,
AD-MT,215,0.9991,0.9925,0.9919,0.9922,
AD-MT,216,0.9993,0.9908,0.9902,0.9904999999999999,
AD-MT,217,0.9989,0.9958,0.994,0.9949,
AD-MT,218,0.9995,0.9937,0.9936,0.99365,
AD-MT,219,0.9986,0.9826,0.9846,0.9836,
AD-MT,220,0.9991,0.9557,0.9561,0.9559,
AD-MT,221,0.9983,0.9643,0.9665,0.9654,
AD-MT,222,0.9987,0.9624,0.9599,0.96115,
AD-MT,223,0.9983,0.9417,0.9456,0.94365,
AD-MT,224,0.9989,0.9766,0.979,0.9778,
AD-MT,225,0.9974,0.9791,0.9831,0.9811,
AD-MT,226,0.999,0.9898,0.9877,0.98875,
AD-MT,227,0.9993,0.9948,0.9934,0.9941,
AD-MT,228,0.9989,0.9855,0.983,0.9842500000000001,
AD-MT,229,0.9993,0.9924,0.9916,0.992,
AD-MT,230,0.9993,0.9934,0.9924,0.9928999999999999,
AD-MT,231,0.9994,0.9914,0.9919,0.9916499999999999,
AD-MT,232,0.9994,0.995,0.9947,0.99485,
AD-MT,233,0.9989,0.9956,0.9949,0.99525,
AD-MT,234,0.9996,0.9939,0.9934,0.9936499999999999,
AD-MT,235,0.9992,0.9936,0.9924,0.993,
AD-MT,236,0.9975,0.9955,0.9938,0.99465,
AD-MT,237,0.9997,0.997,0.9968,0.9969,
AD-MT,238,0.9995,0.994,0.9946,0.9943,
AD-MT,239,0.999,0.9959,0.9941,0.995,
AD-MT,240,0.9983,0.9924,0.993,0.9926999999999999,
AD-MT,241,0.9987,0.9935,0.9917,0.9926,
AD-MT,242,0.9996,0.9952,0.996,0.9956,
AD-MT,243,0.9996,0.9955,0.9954,0.99545,
AD-MT,244,0.9993,0.9925,0.9901,0.9913000000000001,
AD-MT,245,0.999,0.9963,0.9955,0.9959,
AD-MT,246,0.9996,0.9905,0.9898,0.9901500000000001,
AD-MT,247,0.9989,0.9949,0.9949,0.9949,
AD-MT,248,0.9989,0.9917,0.991,0.99135,
AD-MT,249,0.9993,0.9853,0.9827,0.984,
AD-MT,250,0.9988,0.9857,0.9879,0.9868,
AD-MT,251,0.9993,0.9882,0.988,0.9881,
AD-MT,252,0.9993,0.9895,0.9891,0.9893000000000001,
AD-MT,253,0.9989,0.9478,0.9551,0.9514499999999999,
AD-MT,254,0.9991,0.9855,0.9874,0.98645,
AD-MT,255,0.9991,0.9892,0.9888,0.989,
AD-MT,256,0.9992,0.9893,0.9893,0.9893,
AD-MT,257,0.9994,0.9937,0.9928,0.99325,
AD-MT,258,0.9989,0.9934,0.9932,0.9933,
AD-MT,259,0.9991,0.9949,0.9948,0.99485,
AD-MT,260,0.9988,0.9952,0.9954,0.9953,
AD-MT,261,0.9984,0.9938,0.9945,0.9941500000000001,
AD-MT,262,0.9993,0.9967,0.9961,0.9964,
AD-MT,263,0.9995,0.9952,0.9947,0.99495,
AD-MT,264,0.999,0.9847,0.9863,0.9855,
AD-MT,265,0.9995,0.9837,0.9845,0.9841,
AD-MT,266,0.9984,0.986,0.9892,0.9876,
AD-MT,267,0.9992,0.993,0.9926,0.9928,
AD-MT,268,0.9997,0.9954,0.995,0.9952,
AD-MT,269,0.9989,0.9967,0.9957,0.9962,
AD-MT,270,0.9992,0.998,0.9967,0.99735,
AD-MT,271,0.9993,0.9938,0.9956,0.9947,
AD-MT,272,0.9987,0.9975,0.9957,0.9966,
AD-MT,273,0.9997,0.9954,0.9955,0.99545,
AD-MT,274,0.9995,0.9925,0.9932,0.99285,
AD-MT,275,0.9994,0.9934,0.9923,0.99285,
AD-MT,276,0.9995,0.9804,0.9797,0.9800500000000001,
AD-MT,277,0.9985,0.9854,0.9847,0.98505,
AD-MT,278,0.9992,0.9948,0.994,0.9944,
AD-MT,279,0.9989,0.9949,0.9955,0.9952000000000001,
AD-MT,280,0.9994,0.9955,0.9961,0.9958,
AD-MT,281,0.9993,0.9912,0.9931,0.99215,
AD-MT,282,0.9995,0.9935,0.9938,0.99365,
AD-MT,283,0.9995,0.9973,0.996,0.99665,
AD-MT,284,0.9992,0.9971,0.9962,0.99665,
AD-MT,285,0.9992,0.9956,0.996,0.9958,
AD-MT,286,0.9995,0.9934,0.9942,0.9938,
AD-MT,287,0.9982,0.9898,0.9867,0.9882500000000001,
AD-MT,288,0.9989,0.9904,0.992,0.9912,
AD-MT,289,0.9994,0.9931,0.9933,0.9932,
AD-MT,290,0.999,0.997,0.9968,0.9969,
AD-MT,291,0.9984,0.9967,0.9971,0.9969,
AD-MT,292,0.9996,0.9962,0.9961,0.99615,
AD-MT,293,0.9987,0.9963,0.9951,0.9957,
AD-MT,294,0.9992,0.9962,0.9969,0.99655,
AD-MT,295,0.9994,0.9969,0.9972,0.99705,
AD-MT,296,0.9992,0.9973,0.9971,0.9972,
AD-MT,297,0.9994,0.9963,0.9967,0.9964999999999999,
AD-MT,298,0.9996,0.9959,0.9962,0.99605,
AD-MT,299,0.9992,0.996,0.9974,0.9966999999999999,
AD-MT,300,0.9994,0.9969,0.9981,0.9975,
AD-MT,301,0.9995,0.9964,0.9962,0.9963,
AD-MT,302,0.9997,0.9973,0.9975,0.9974000000000001,
AD-MT,303,0.9995,0.9952,0.9961,0.9956499999999999,
AD-MT,304,0.9995,0.9931,0.9936,0.99335,
AD-MT,305,0.9995,0.9977,0.9972,0.99745,
AD-MT,306,0.9992,0.9968,0.9971,0.99695,
AD-MT,307,0.9997,0.9967,0.9967,0.9967,
AD-MT,308,0.9995,0.9949,0.9957,0.9953000000000001,
AD-MT,309,0.9995,0.997,0.9971,0.99705,
AD-MT,310,0.9995,0.9967,0.9958,0.9962500000000001,
AD-MT,311,0.9994,0.9982,0.9974,0.9978,
AD-MT,312,0.9995,0.9977,0.998,0.99785,
AD-MT,313,0.9994,0.9971,0.9977,0.9974000000000001,
AD-MT,314,0.9991,0.9978,0.998,0.9979,
AD-MT,315,0.9996,0.997,0.9963,0.99665,
AD-MT,316,0.9995,0.9958,0.996,0.9959,
AD-MT,317,0.9995,0.9971,0.997,0.99705,
AD-MT,318,0.9993,0.9985,0.9986,0.99855,
AD-MT,319,0.9995,0.9975,0.9978,0.99765,
AD-MT,320,0.9994,0.9925,0.9921,0.9923,
AD-MT,321,0.9998,0.9957,0.9959,0.9958,
AD-MT,322,0.9996,0.997,0.9976,0.9973000000000001,
AD-MT,323,0.9995,0.9953,0.995,0.99515,
AD-MT,324,0.9993,0.9961,0.9967,0.9964,
AD-MT,325,0.9995,0.9967,0.9975,0.9971000000000001,
AD-MT,326,0.9995,0.9978,0.9982,0.998,
AD-MT,327,0.9991,0.998,0.9974,0.9977,
AD-MT,328,0.9998,0.9975,0.9978,0.99765,
AD-MT,329,0.9996,0.9976,0.9978,0.9977,
AD-MT,330,0.9986,0.9978,0.9978,0.9978,
AD-MT,331,0.9991,0.9977,0.9976,0.99765,
AD-MT,332,0.9996,0.9978,0.9984,0.9981,
AD-MT,333,0.9997,0.9978,0.9977,0.99775,
AD-MT,334,0.9996,0.9983,0.9981,0.9982,
AD-MT,335,0.9993,0.9979,0.9977,0.9978,
AD-MT,336,0.9997,0.9985,0.9982,0.9983500000000001,
AD-MT,337,0.9997,0.9975,0.9977,0.9976,
AD-MT,338,0.9996,0.9972,0.9971,0.99715,
AD-MT,339,0.9997,0.9971,0.9973,0.9972,
AD-MT,340,0.9997,0.9961,0.9965,0.9963,
AD-MT,341,0.9998,0.9958,0.9962,0.996,
AD-MT,342,0.9995,0.9915,0.9933,0.9924,
AD-MT,343,0.9996,0.996,0.9962,0.9961,
AD-MT,344,0.9997,0.9979,0.9982,0.99805,
AD-MT,345,0.9994,0.9984,0.9981,0.99825,
AD-MT,346,0.9996,0.9972,0.997,0.9971,
AD-MT,347,0.9992,0.9964,0.9973,0.99685,
AD-MT,348,0.9995,0.9974,0.9978,0.9976,
AD-MT,349,0.9995,0.9958,0.9972,0.9964999999999999,
AD-MT,350,0.9994,0.9936,0.9923,0.99295,
AD-MT,351,0.9997,0.9968,0.9966,0.9967,
AD-MT,352,0.9996,0.9944,0.9954,0.9948999999999999,
AD-MT,353,0.9995,0.9935,0.9949,0.9942,
AD-MT,354,0.9994,0.9965,0.9974,0.99695,
AD-MT,355,0.9995,0.9939,0.9938,0.99385,
AD-MT,356,0.9993,0.9945,0.9951,0.9948,
AD-MT,357,0.9993,0.9972,0.9969,0.99705,
AD-MT,358,0.9996,0.9979,0.998,0.99795,
AD-MT,359,0.9996,0.9957,0.9956,0.99565,
AD-MT,360,0.9995,0.9953,0.9962,0.9957499999999999,
AD-MT,361,0.9997,0.9972,0.9974,0.9973,
AD-MT,362,0.9996,0.9974,0.9978,0.9976,
AD-MT,363,0.9994,0.9982,0.9983,0.99825,
AD-MT,364,0.9996,0.9979,0.9982,0.99805,
AD-MT,365,0.9996,0.9974,0.9978,0.9976,
AD-MT,366,0.9997,0.9951,0.9955,0.9953000000000001,
AD-MT,367,0.9994,0.9822,0.9793,0.98075,
AD-MT,368,0.999,0.9959,0.9943,0.9951,
AD-MT,369,0.9991,0.9972,0.9958,0.9964999999999999,
AD-MT,370,0.9991,0.9972,0.9958,0.9964999999999999,
AD-MT,371,0.9994,0.9955,0.9958,0.99565,
AD-MT,372,0.9994,0.9953,0.995,0.99515,
AD-MT,373,0.9969,0.9946,0.9973,0.99595,
AD-MT,374,0.9985,0.9964,0.9965,0.9964500000000001,
AD-MT,375,0.9995,0.9966,0.997,0.9968,
AD-MT,376,0.9995,0.9974,0.997,0.9972,
AD-MT,377,0.9996,0.9963,0.9961,0.9962,
AD-MT,378,0.9995,0.9971,0.9973,0.9972,
AD-MT,379,0.9995,0.997,0.9961,0.99655,
AD-MT,380,0.9996,0.998,0.9979,0.99795,
AD-MT,381,0.9996,0.9975,0.9971,0.9973000000000001,
AD-MT,382,0.9992,0.9956,0.9958,0.9957,
AD-MT,383,0.9997,0.9965,0.9962,0.9963500000000001,
AD-MT,384,0.9997,0.9967,0.9969,0.9968,
AD-MT,385,0.9998,0.9985,0.9982,0.9983500000000001,
AD-MT,386,0.9997,0.9976,0.9972,0.9974000000000001,
AD-MT,387,0.9998,0.9961,0.9963,0.9962,
AD-MT,388,0.9997,0.9954,0.9955,0.99545,
AD-MT,389,0.9992,0.9959,0.9952,0.9955499999999999,
AD-MT,390,0.9987,0.9966,0.996,0.9963,
AD-MT,391,0.9995,0.9958,0.996,0.9959,
AD-MT,392,0.9996,0.9983,0.9981,0.9982,
AD-MT,393,0.9997,0.9972,0.9976,0.9974000000000001,
AD-MT,394,0.9997,0.9973,0.9971,0.9972,
AD-MT,395,0.9997,0.9986,0.9982,0.9984,
AD-MT,396,0.9997,0.9989,0.9985,0.9987,
AD-MT,397,0.9998,0.998,0.9979,0.99795,
AD-MT,398,0.9996,0.9987,0.9984,0.99855,
AD-MT,399,0.9998,0.9981,0.998,0.99805,
AD-MT,400,0.9994,0.9971,0.9964,0.99675,
AD-MT,401,0.9996,0.9976,0.9974,0.9975,
AD-MT,402,0.9996,0.9942,0.9946,0.9944,
AD-MT,403,0.9995,0.9917,0.9914,0.9915499999999999,
AD-MT,404,0.9995,0.9963,0.9969,0.9965999999999999,
AD-MT,405,0.9995,0.9969,0.9975,0.9972000000000001,
AD-MT,406,0.9996,0.9974,0.9973,0.99735,
AD-MT,407,0.9996,0.9979,0.9981,0.998,
AD-MT,408,0.9996,0.9987,0.9987,0.9987,
AD-MT,409,0.9996,0.993,0.9933,0.99315,
AD-MT,410,0.9998,0.9953,0.995,0.99515,
AD-MT,411,0.9997,0.9974,0.9971,0.99725,
AD-MT,412,0.9995,0.995,0.9951,0.99505,
AD-MT,413,0.9996,0.9974,0.9972,0.9973,
AD-MT,414,0.9996,0.9975,0.9968,0.99715,
AD-MT,415,0.9996,0.9981,0.9975,0.9978,
AD-MT,416,0.9993,0.9981,0.997,0.9975499999999999,
AD-MT,417,0.9997,0.9967,0.9964,0.99655,
AD-MT,418,0.9996,0.9979,0.997,0.99745,
AD-MT,419,0.9997,0.9985,0.9978,0.9981500000000001,
AD-MT,420,0.9995,0.9991,0.9984,0.99875,
AD-MT,421,0.9996,0.9992,0.9987,0.99895,
AD-MT,422,0.9994,0.9979,0.9979,0.9979,
AD-MT,423,0.9996,0.9924,0.9925,0.99245,
AD-MT,424,0.9994,0.9951,0.9955,0.9953000000000001,
AD-MT,425,0.9996,0.9976,0.9973,0.99745,
AD-MT,426,0.9987,0.9966,0.9979,0.99725,
AD-MT,427,0.9997,0.9963,0.9958,0.99605,
AD-MT,428,0.9996,0.9963,0.9966,0.9964500000000001,
AD-MT,429,0.9993,0.9983,0.9976,0.99795,
AD-MT,430,0.9994,0.9959,0.996,0.99595,
AD-MT,431,0.9991,0.9923,0.9922,0.99225,
AD-MT,432,0.9995,0.9968,0.9968,0.9968,
AD-MT,433,0.9995,0.9981,0.9968,0.99745,
AD-MT,434,0.9996,0.9966,0.9962,0.9964,
AD-MT,435,0.9995,0.9973,0.9971,0.9972,
AD-MT,436,0.9996,0.9977,0.9975,0.9976,
AD-MT,437,0.9997,0.9985,0.9986,0.99855,
AD-MT,438,0.9992,0.9956,0.9962,0.9959,
AD-MT,439,0.9991,0.9968,0.9974,0.9971,
AD-MT,440,0.9993,0.9981,0.9976,0.99785,
AD-MT,441,0.9985,0.9967,0.9977,0.9972000000000001,
AD-MT,442,0.9995,0.997,0.997,0.997,
AD-MT,443,0.9996,0.998,0.9982,0.9981,
AD-MT,444,0.9995,0.9952,0.9946,0.9949,
AD-MT,445,0.9997,0.9972,0.9974,0.9973,
AD-MT,446,0.9998,0.9981,0.9979,0.998,
AD-MT,447,0.9994,0.9973,0.9968,0.99705,
AD-MT,448,0.9994,0.9964,0.9949,0.9956499999999999,
AD-MT,449,0.9993,0.998,0.9983,0.99815,
AD-MT,450,0.9995,0.9977,0.9973,0.9975,
AD-MT,451,0.999,0.9969,0.9955,0.9962,
AD-MT,452,0.9994,0.9971,0.9975,0.9973000000000001,
AD-MT,453,0.9986,0.9976,0.9977,0.99765,
AD-MT,454,0.9997,0.9977,0.998,0.99785,
AD-MT,455,0.9998,0.9983,0.9982,0.99825,
AD-MT,456,0.9996,0.9984,0.9981,0.99825,
AD-MT,457,0.9997,0.9985,0.9985,0.9985,
AD-MT,458,0.9996,0.9972,0.9976,0.9974000000000001,
AD-MT,459,0.9995,0.9964,0.9976,0.997,
AD-MT,460,0.9995,0.9984,0.9981,0.99825,
AD-MT,461,0.9998,0.9945,0.9942,0.9943500000000001,
AD-MT,462,0.9997,0.994,0.9956,0.9948,
AD-MT,463,0.9996,0.9981,0.998,0.99805,
AD-MT,464,0.9996,0.9992,0.9988,0.999,
AD-MT,465,0.9995,0.998,0.9983,0.99815,
AD-MT,466,0.9996,0.9987,0.9985,0.9986,
AD-MT,467,0.9996,0.9982,0.9983,0.99825,
AD-MT,468,0.9994,0.9984,0.9971,0.9977499999999999,
AD-MT,469,0.9997,0.9984,0.9981,0.99825,
AD-MT,470,0.9997,0.9984,0.9985,0.9984500000000001,
AD-MT,471,0.9993,0.9982,0.9984,0.9983,
AD-MT,472,0.9993,0.9982,0.9975,0.99785,
AD-MT,473,0.9995,0.9985,0.998,0.9982500000000001,
AD-MT,474,0.9996,0.9987,0.9986,0.99865,
AD-MT,475,0.9994,0.9981,0.9984,0.99825,
AD-MT,476,0.9995,0.9988,0.9988,0.9988,
AD-MT,477,0.9994,0.9977,0.9979,0.9978,
AD-MT,478,0.9995,0.9957,0.9966,0.9961500000000001,
AD-MT,479,0.9995,0.996,0.9962,0.9961,
AD-MT,480,0.9995,0.9973,0.9976,0.99745,
AD-MT,481,0.9996,0.9983,0.9985,0.9984,
AD-MT,482,0.9995,0.9981,0.9983,0.9982,
AD-MT,483,0.9996,0.9983,0.9975,0.9979,
AD-MT,484,0.9995,0.9932,0.9924,0.9927999999999999,
AD-MT,485,0.9994,0.9969,0.9954,0.99615,
AD-MT,486,0.9996,0.9985,0.998,0.9982500000000001,
AD-MT,487,0.9992,0.9989,0.9987,0.9988,
AD-MT,488,0.9974,0.9983,0.9987,0.9984999999999999,
AD-MT,489,0.9994,0.9989,0.9989,0.9989,
AD-MT,490,0.9997,0.9992,0.9989,0.99905,
AD-MT,491,0.9995,0.9992,0.9988,0.999,
AD-MT,492,0.9982,0.9985,0.9984,0.9984500000000001,
AD-MT,493,0.9995,0.9979,0.9979,0.9979,
AD-MT,494,0.9996,0.9892,0.9894,0.9893,
AD-MT,495,0.9997,0.9818,0.9812,0.9815,
AD-MT,496,0.9992,0.9946,0.9967,0.99565,
AD-MT,497,0.9996,0.9977,0.9977,0.9977,
AD-MT,498,0.9996,0.9983,0.9987,0.9984999999999999,
AD-MT,499,0.9996,0.9986,0.9985,0.99855,
AD-MT,500,0.9993,0.9976,0.9982,0.9979,
AD-MT,501,0.9995,0.9994,0.9988,0.9991,
AD-MT,502,0.9995,0.9992,0.9991,0.99915,
AD-MT,503,0.9993,0.9992,0.9985,0.99885,
AD-MT,504,0.9993,0.9993,0.9988,0.99905,
AD-MT,505,0.9998,0.9993,0.9993,0.9993,
AD-MT,506,0.9996,0.9991,0.9992,0.99915,
AD-MT,507,0.9996,0.9992,0.9989,0.99905,
AD-MT,508,0.9992,0.9981,0.9987,0.9984,
AD-MT,509,0.9993,0.9981,0.9985,0.9983,
AD-MT,510,0.9997,0.998,0.9987,0.9983500000000001,
AD-MT,511,0.9998,0.9991,0.999,0.99905,
AD-MT,512,0.9997,0.9993,0.9992,0.99925,
AD-MT,513,0.9997,0.9991,0.9993,0.9992,
AD-MT,514,0.999,0.9989,0.9975,0.9982,
AD-MT,515,0.9994,0.9991,0.9988,0.99895,
AD-MT,516,0.9993,0.9992,0.999,0.9991,
AD-MT,517,0.9995,0.9936,0.9934,0.9935,
AD-MT,518,0.9991,0.997,0.9948,0.9959,
AD-MT,519,0.9994,0.9982,0.9978,0.998,
AD-MT,520,0.9995,0.9986,0.999,0.9988,
AD-MT,521,0.9997,0.9986,0.9989,0.99875,
AD-MT,522,0.999,0.9991,0.9984,0.99875,
AD-MT,523,0.9995,0.9991,0.9987,0.9989,
AD-MT,524,0.9996,0.9976,0.9976,0.9976,
AD-MT,525,0.9991,0.9973,0.9977,0.9975,
AD-MT,526,0.9989,0.997,0.9969,0.99695,
AD-MT,527,0.9997,0.9979,0.9975,0.9977,
AD-MT,528,0.9996,0.9984,0.9979,0.99815,
AD-MT,529,0.9995,0.9984,0.9975,0.99795,
AD-MT,530,0.9994,0.9982,0.9981,0.99815,
AD-MT,531,0.9995,0.9987,0.9984,0.99855,
AD-MT,532,0.9996,0.9979,0.9981,0.998,
AD-MT,533,0.9995,0.9991,0.9987,0.9989,
AD-MT,534,0.9992,0.999,0.9988,0.9989,
AD-MT,535,0.9995,0.9992,0.999,0.9991,
AD-MT,536,0.9986,0.9983,0.9982,0.99825,
AD-MT,537,0.9993,0.9984,0.9989,0.99865,
AD-MT,538,0.9997,0.9991,0.9989,0.999,
AD-MT,539,0.9995,0.9989,0.9992,0.99905,
AD-MT,540,0.9996,0.9974,0.9973,0.99735,
AD-MT,541,0.9997,0.9988,0.9984,0.9985999999999999,
AD-MT,542,0.9998,0.998,0.9979,0.99795,
AD-MT,543,0.9997,0.9983,0.9987,0.9984999999999999,
AD-MT,544,0.9996,0.9986,0.9983,0.9984500000000001,
AD-MT,545,0.9998,0.9988,0.9988,0.9988,
AD-MT,546,0.9996,0.9988,0.9986,0.9987,
AD-MT,547,0.9995,0.9989,0.9984,0.99865,
AD-MT,548,0.9993,0.9987,0.9987,0.9987,
AD-MT,549,0.9998,0.9987,0.9988,0.99875,
AD-MT,550,0.9996,0.9994,0.9991,0.99925,
AD-MT,551,0.9997,0.9986,0.9986,0.9986,
AD-MT,552,0.9996,0.9989,0.9992,0.99905,
AD-MT,553,0.9998,0.9992,0.9992,0.9992,
AD-MT,554,0.9997,0.9986,0.9983,0.9984500000000001,
AD-MT,555,0.9993,0.999,0.9987,0.99885,
AD-MT,556,0.9993,0.9987,0.9993,0.999,
AD-MT,557,0.9987,0.9994,0.9988,0.9991,
AD-MT,558,0.9995,0.9994,0.9994,0.9994,
AD-MT,559,0.9998,0.9989,0.9988,0.99885,
AD-MT,560,0.9993,0.998,0.9991,0.99855,
AD-MT,561,0.9996,0.9991,0.9993,0.9992,
AD-MT,562,0.9998,0.9991,0.9992,0.99915,
AD-MT,563,0.9998,0.999,0.9993,0.99915,
AD-MT,564,0.9998,0.999,0.9992,0.9991,
AD-MT,565,0.9994,0.9989,0.9991,0.999,
AD-MT,566,0.9993,0.9992,0.9987,0.99895,
AD-MT,567,0.9997,0.9984,0.9983,0.99835,
AD-MT,568,0.9996,0.9992,0.9992,0.9992,
AD-MT,569,0.9997,0.9992,0.999,0.9991,
AD-MT,570,0.9998,0.9993,0.9993,0.9993,
AD-MT,571,0.9996,0.999,0.9986,0.9988,
AD-MT,572,0.9991,0.9984,0.999,0.9986999999999999,
AD-MT,573,0.9994,0.9991,0.9994,0.99925,
AD-MT,574,0.9996,0.9992,0.9994,0.9993,
AD-MT,575,0.9996,0.9995,0.9993,0.9994000000000001,
AD-MT,576,0.9995,0.9994,0.9992,0.9993,
AD-MT,577,0.9996,0.9991,0.9993,0.9992,
AD-MT,578,0.9997,0.9989,0.9992,0.99905,
AD-MT,579,0.9995,0.9992,0.9995,0.99935,
AD-MT,580,0.9995,0.9993,0.9993,0.9993,
AD-MT,581,0.9995,0.9994,0.9992,0.9993,
AD-MT,582,0.9995,0.9994,0.9993,0.99935,
AD-MT,583,0.9997,0.9987,0.9991,0.9989,
AD-MT,584,0.9997,0.9987,0.9985,0.9986,
AD-MT,585,0.9994,0.9992,0.999,0.9991,
AD-MT,586,0.9997,0.999,0.9991,0.99905,
AD-MT,587,0.9998,0.9993,0.9991,0.9992,
AD-MT,588,0.9996,0.9991,0.999,0.99905,
AD-MT,589,0.9987,0.9976,0.999,0.9983,
AD-MT,590,0.9997,0.9977,0.9977,0.9977,
AD-MT,591,0.9994,0.9992,0.9989,0.99905,
AD-MT,592,0.9996,0.9996,0.9993,0.99945,
AD-MT,593,0.9998,0.9996,0.9995,0.99955,
AD-MT,594,0.9997,0.9992,0.9991,0.99915,
AD-MT,595,0.9995,0.9995,0.9991,0.9993000000000001,
AD-MT,596,0.9991,0.9989,0.9994,0.99915,
AD-MT,597,0.9995,0.9994,0.9992,0.9993,
AD-MT,598,0.9995,0.9995,0.9996,0.99955,
AD-MT,599,0.9986,0.9991,0.9992,0.99915,
AD-MT,600,0.9994,0.999,0.9995,0.99925,
AD-MT,601,0.9993,0.9996,0.9989,0.99925,
AD-MT,602,0.9995,0.9993,0.9991,0.9992,
AD-MT,603,0.9995,0.9996,0.9996,0.9996,
AD-MT,604,0.9985,0.9995,0.9991,0.9993000000000001,
AD-MT,605,0.9994,0.9994,0.9994,0.9994,
AD-MT,606,0.9998,0.9995,0.9997,0.9996,
AD-MT,607,0.9998,0.9996,0.9996,0.9996,
AD-MT,608,0.9998,0.9995,0.9996,0.99955,
AD-MT,609,0.9997,0.9994,0.9994,0.9994,
AD-MT,610,0.9998,0.9991,0.9994,0.99925,
AD-MT,611,0.9998,0.9995,0.9994,0.99945,
AD-MT,612,0.9996,0.9987,0.9993,0.999,
AD-MT,613,0.9997,0.9997,0.9995,0.9996,
AD-MT,614,0.9996,0.9995,0.9993,0.9994000000000001,
AD-MT,615,0.9997,0.9996,0.9995,0.99955,
AD-MT,616,0.9994,0.9996,0.9993,0.99945,
AD-MT,617,0.9998,0.9994,0.9993,0.99935,
AD-MT,618,0.9995,0.9996,0.9996,0.9996,
AD-MT,619,0.9995,0.9994,0.9996,0.9995,
AD-MT,620,0.9998,0.9996,0.9996,0.9996,
AD-MT,621,0.9997,0.9995,0.9996,0.99955,
AD-MT,622,0.9992,0.9988,0.9997,0.99925,
AD-MT,623,0.9993,0.999,0.9997,0.99935,
AD-MT,624,0.9997,0.9993,0.9996,0.99945,
AD-MT,625,0.9997,0.9997,0.9996,0.99965,
AD-MT,626,0.9995,0.9992,0.9993,0.99925,
AD-MT,627,0.9994,0.9997,0.9995,0.9996,
AD-MT,628,0.9998,0.9997,0.9996,0.99965,
AD-MT,629,0.9997,0.9995,0.9995,0.9995,
AD-MT,630,0.9996,0.9997,0.9995,0.9996,
AD-MT,631,0.9997,0.9996,0.9993,0.99945,
AD-MT,632,0.9989,0.9996,0.9994,0.9995,
AD-MT,633,0.9995,0.9997,0.9993,0.9995,
AD-MT,634,0.9997,0.9996,0.9994,0.9995,
AD-MT,635,0.9997,0.9996,0.9996,0.9996,
AD-MT,636,0.9989,0.9994,0.9995,0.99945,
AD-MT,637,0.9995,0.9997,0.9996,0.99965,
AD-MT,638,0.9995,0.9997,0.999,0.99935,
AD-MT,639,0.999,0.9998,0.9989,0.99935,
AD-MT,640,0.9996,0.9996,0.9996,0.9996,
AD-MT,641,0.9998,0.9993,0.9995,0.9994000000000001,
AD-MT,642,0.9993,0.9998,0.9994,0.9996,
AD-MT,643,0.9989,0.9996,0.9995,0.99955,
AD-MT,644,0.9995,0.9997,0.9996,0.99965,
AD-MT,645,0.9988,0.9996,0.9995,0.99955,
AD-MT,646,0.9988,0.9995,0.9996,0.99955,
AD-MT,647,0.9997,0.9994,0.9996,0.9995,
AD-MT,648,0.9997,0.9997,0.9997,0.9997,
AD-MT,649,0.9998,0.9996,0.9998,0.9997,
AD-MT,650,0.9998,0.9997,0.9997,0.9997,
AD-MT,651,0.9997,0.9996,0.9997,0.99965,
AD-MT,652,0.9996,0.9997,0.9997,0.9997,
AD-MT,653,0.9996,0.9996,0.9997,0.99965,
AD-MT,654,0.9997,0.9997,0.9997,0.9997,
AD-MT,655,0.9996,0.9993,0.9997,0.9995,
AD-MT,656,0.9995,0.9994,0.9999,0.9996499999999999,
AD-MT,657,0.9998,0.9998,0.9996,0.9997,
CBASM,0,0.31142270368965047,0.32459901743813563,0.40809884353687886,0.3663489304875073,0.9999999952943701
CBASM,1,0.46030771967611817,0.4330372951532665,0.4366222965089898,0.43482979583112813,0.9999999827460239
CBASM,2,0.5180112296029141,0.42170705685490056,0.37764059007167816,0.3996738234632894,0.9209538337431455
CBASM,3,0.47084148345809235,0.36874077273042577,0.357058232159991,0.3628995024452084,0.8166298834901107
CBASM,4,0.41914298189313787,0.3730493772186731,0.3053544351929112,0.33920190620579216,0.800150559136742
CBASM,5,0.4500885778351834,0.3687713169737866,0.35075661226322774,0.3597639646185072,0.8514967223531321
CBASM,6,0.3610202030915963,0.37658933040342835,0.36606478298965256,0.3713270566965404,0.8739592072210813
CBASM,7,0.38874945436653335,0.3920552040401258,0.38078627696162776,0.38642074050087677,0.8882375626187575
CBASM,8,0.5081504661785928,0.4514254559027521,0.3855079859495163,0.41846672092613424,0.8999166253365969
CBASM,9,0.5179906267868845,0.38548758076994044,0.35515878467183365,0.37032318272088705,0.9072285341589075
CBASM,10,0.5010609775781631,0.4175605640599602,0.3589231944397876,0.3882418792498739,0.9026466655103784
CBASM,11,0.5456117995475468,0.4037634722496334,0.3229584015513721,0.36336093690050275,0.9320046525252493
CBASM,12,0.5112921579887992,0.41076250139035675,0.3731915715493654,0.39197703646986104,0.9468585127278378
CBASM,13,0.49905760350980255,0.42266830958818136,0.3765716670375121,0.39961998831284673,0.9416537488761701
CBASM,14,0.5608241416906056,0.41989845900159134,0.3744288722151204,0.39716366560835586,0.9683386181530199
CBASM,15,0.5485116933521471,0.4331532136390084,0.3711979451932405,0.4021755794161245,0.9721763604565671
CBASM,16,0.5543626946838278,0.4473833096654792,0.37764756930501836,0.41251543948524877,0.971171194001248
CBASM,17,0.5750646889209747,0.41397228680158915,0.351007826234165,0.38249005651787704,0.974185585975647
CBASM,18,0.5963084933004881,0.46922764417372254,0.390833832715687,0.43003073844470474,0.9666557876687301
CBASM,19,0.5895133410629473,0.47317122001396983,0.41001613281275096,0.4415936764133604,0.9783059970328682
CBASM,20,0.5976900285796115,0.4596636154149708,0.42901884882073654,0.4443412321178537,0.9757402100061116
CBASM,21,0.6186927839329368,0.44787963440543727,0.3851401978417447,0.416509916123591,0.9699639866226598
CBASM,22,0.6068208876409029,0.49475903965924917,0.3897746668050164,0.4422668532321328,0.9816180153896934
CBASM,23,0.6316484479527724,0.5071035780404743,0.40288694202899933,0.45499526003473684,0.9862238952988073
CBASM,24,0.638241287909056,0.4856414700809278,0.38659994304180145,0.4361207065613646,0.9875693634936684
CBASM,25,0.6613169312477112,0.5093376691404142,0.40568431584458603,0.45751099249250016,0.9777179234906247
CBASM,26,0.629171780849758,0.5011788630171826,0.36357366254455165,0.43237626278086716,0.9832864090016014
CBASM,27,0.6519772206482134,0.5080578609516746,0.3976717614813855,0.45286481121653005,0.9862350476415533
CBASM,28,0.6313413585487165,0.5031310641451886,0.39943443944579676,0.4512827517954927,0.9886681813942758
CBASM,29,0.6449392469305741,0.4799174650719291,0.39232672280386877,0.4361220939378989,0.9886194075408735
CBASM,30,0.6516901411508259,0.5523253302825125,0.4294362389727643,0.4908807846276384,0.9788665551888315
CBASM,31,0.6374968478554174,0.49599581251018926,0.4003489033172005,0.4481723579136949,0.9853139990254453
CBASM,32,0.6523314165441614,0.5048318473916305,0.41534669462003204,0.46008927100583125,0.9903257646058735
CBASM,33,0.6552044215955233,0.544515778359614,0.4184978118068294,0.4815067950832217,0.9889754762775019
CBASM,34,0.6549164511655506,0.540923862080825,0.4143952758688676,0.4776595689748463,0.9892195918058094
CBASM,35,0.6507765039017326,0.5253049409703204,0.39965987989777013,0.46248241043404525,0.9903462293900942
CBASM,36,0.6761581960477328,0.5185250969309556,0.4286956802794808,0.4736103886052182,0.9904526519147974
CBASM,37,0.6811458766460419,0.5469366264970679,0.43273539605893585,0.48983601127800186,0.9824228631822687
CBASM,38,0.654089879048498,0.5718592405319214,0.42549372346777664,0.49867648199984904,0.9851335396892146
CBASM,39,0.6716786654371965,0.5429350255351317,0.4223289207408303,0.482631973137981,0.9871794502986105
CBASM,40,0.6712106278068141,0.5642817302754051,0.4117575264290759,0.4880196283522405,0.991083982743715
CBASM,41,0.6872780526939192,0.5615641106116144,0.41984359606316213,0.49070385333738825,0.9874863263807798
CBASM,42,0.7004552765896446,0.5463647301259794,0.4361879856962907,0.49127635791113505,0.9894488595033947
CBASM,43,0.6950441724375674,0.5601790076807925,0.4190168255253842,0.4895979166030884,0.985938614920566
CBASM,44,0.7063057987313521,0.5527820289134979,0.42078829674344315,0.4867851628284705,0.9848895716039758
CBASM,45,0.7022827330388521,0.5852205690584684,0.4396813574590181,0.5124509632587433,0.9895695604776081
CBASM,46,0.6960388876889881,0.550265949807669,0.43014211482123327,0.4902040323144511,0.9864133423880527
CBASM,47,0.6918755550133554,0.5315962300488823,0.4237074146145268,0.47765182233170456,0.989105971235978
CBASM,48,0.7076657806572161,0.5644824481324145,0.43766086038790253,0.5010716542601585,0.9877289094422993
CBASM,49,0.706801320377149,0.5468717672322926,0.4174744910315463,0.48217312913191945,0.987820775885331
CBASM,50,0.6974862327701167,0.5608078296247282,0.4261979272491054,0.49350287843691676,0.9917806230093303
CBASM,51,0.7167523346449199,0.49277187570145253,0.3932506300901112,0.44301125289578186,0.9676261952048854
CBASM,52,0.7184996102985582,0.5860325129408586,0.45948215377958196,0.5227573333602202,0.9798687335691953
CBASM,53,0.7196328310590041,0.5745676779433301,0.4522654978852523,0.5134165879142911,0.9864099292378676
CBASM,54,0.7113667303010037,0.5875443675016102,0.4551246785803845,0.5213345230409974,0.9907374397704476
CBASM,55,0.722533582072509,0.5631896100546184,0.44074055709336935,0.5019650835739939,0.9886535170831179
CBASM,56,0.7233609525780929,0.5748449869846043,0.44258470127457067,0.5087148441295875,0.981460186995958
CBASM,57,0.7217873193715748,0.5744709733285402,0.4461856468727714,0.5103283101006558,0.9814455069993672
CBASM,58,0.7467235907127983,0.5964129896540391,0.4923131763935089,0.544363083023774,0.9821834532838118
CBASM,59,0.7291359917113656,0.581926554441452,0.44831340093361705,0.5151199776875346,0.9855158909371025
CBASM,60,0.730451878748442,0.6036585898775804,0.4540846120370062,0.5288716009572932,0.9863661919769487
CBASM,61,0.7358141510110152,0.5783968818815131,0.4561991487678729,0.517298015324693,0.9898924231529236
CBASM,62,0.7236767426917428,0.592035644932797,0.4437688463612607,0.5179022456470288,0.986401146964023
CBASM,63,0.7273484986079367,0.5727362366099107,0.4387754554811277,0.5057558460455192,0.988765161288412
CBASM,64,0.7214069899759794,0.5894801177476582,0.4456933525047804,0.5175867351262193,0.9851151798900805
CBASM,65,0.7387202554627469,0.5987188784699691,0.46701571659037944,0.5328672975301743,0.9811868259781286
CBASM,66,0.7396980492692244,0.6037495983274359,0.4686044038910615,0.5361770011092487,0.9910359696338051
CBASM,67,0.7518603080197385,0.5943189796648527,0.4722822261484046,0.5333006029066286,0.9942931532859802
CBASM,68,0.7440119134752374,0.6067060687040028,0.4642607122659683,0.5354833904849856,0.9925469332619717
CBASM,69,0.7498792002075597,0.6288384630491859,0.48266671676384776,0.5557525899065168,0.9881159537716916
CBASM,70,0.7485798691448412,0.6185074040764257,0.485994386829828,0.5522508954531269,0.9921447760180423
CBASM,71,0.750807457848599,0.5874267722430982,0.45860627921004044,0.5230165257265693,0.9884967631415317
CBASM,72,0.7628889852448514,0.6213135734984749,0.4953077584505081,0.5583106659744915,0.9845811912887975
CBASM,73,0.7434529426850771,0.6033419449078409,0.4664255545327538,0.5348837497202974,0.9802738882993397
CBASM,74,0.7554566562175751,0.5995310380270606,0.4693337796550048,0.5344324088410327,0.9861020320340207
CBASM,75,0.7574014036278975,0.6255187282436773,0.48812208050175715,0.5568204043727172,0.9839613296483692
CBASM,76,0.73549684882164,0.6182541235497123,0.4620217978954315,0.5401379607225719,0.9889622126754961
CBASM,77,0.7622233927249908,0.5978478005057887,0.49038992586888763,0.5441188631873382,0.9873410431962264
CBASM,78,0.7503281565088975,0.618926456884334,0.4777554916708093,0.5483409742775717,0.9802929335518887
CBASM,79,0.7317047981839431,0.6327534521880903,0.4541467796815069,0.5434501159347986,0.9833024897073445
CBASM,80,0.7694488481471413,0.6389343816983072,0.49077781878019633,0.5648561002392518,0.9856788280763125
CBASM,81,0.770187098728983,0.631461036832709,0.484235911777145,0.557848474304927,0.9863406953058744
CBASM,82,0.7586607713448373,0.6358629214136224,0.47378716892317724,0.5548250451683998,0.9861627236792916
CBASM,83,0.7669630003602881,0.6265448174978557,0.4915787420774761,0.5590617797876659,0.9574437768835771
CBASM,84,0.7537263631820679,0.5942930359589426,0.45221610210443797,0.5232545690316903,0.9792158211532392
CBASM,85,0.7662555496943625,0.6064950164995695,0.48971571655649887,0.5481053665280342,0.9797057650591198
CBASM,86,0.7569985875957891,0.62013000406717,0.47405210215794413,0.547091053112557,0.9832810602690044
CBASM,87,0.7826085639627356,0.6277975683149538,0.4912086074289523,0.559503087871953,0.976855605840683
CBASM,88,0.7618789923818488,0.5904456824064255,0.45179080806280436,0.5211182452346149,0.9505217216516796
CBASM,89,0.7635429140768553,0.6390843391418457,0.49639391114837245,0.567739125145109,0.9793445154240257
CBASM,90,0.7684873389570337,0.5877747739616194,0.47300089189880773,0.5303878329302135,0.962359020584508
CBASM,91,0.7521787709311435,0.6278270373218938,0.4748321826520719,0.5513296099869829,0.9814719165626326
CBASM,92,0.7413186995606673,0.6464269521989321,0.47642216400096293,0.5614245580999475,0.9805195488427815
CBASM,93,0.7693822948556197,0.6053462491223687,0.4776877415807624,0.5415169953515655,0.9856062311875192
CBASM,94,0.7749710114378678,0.6312730335875562,0.48333017449629934,0.5573016040419277,0.9685241815290953
CBASM,95,0.7447574797429537,0.6165187719621157,0.44076838775684957,0.5286435798594826,0.9798041472309514
CBASM,96,0.7820930590755061,0.6383599717366067,0.5033305742238697,0.5708452729802382,0.9817457983368322
CBASM,97,0.7717158229727494,0.6299803398157421,0.4881101485929991,0.5590452442043706,0.9890318434489401
CBASM,98,0.7679247244408256,0.6663047953655845,0.4984305728422968,0.5823676841039407,0.9895824695888319
CBASM,99,0.763105139920586,0.6505251464090849,0.4865590679018121,0.5685421071554485,0.9777151989309412
CBASM,100,0.7754427523989427,0.5929240952981146,0.46220476690091583,0.5275644310995152,0.9490566896764856
CBASM,101,0.7851459540818867,0.6095464511921531,0.4841993388376738,0.5468728950149134,0.9823856949806213
CBASM,102,0.7730474597529361,0.6403608102547494,0.48341515738713114,0.5618879838209403,0.9841708242893219
CBASM,103,0.786928410592832,0.6443480268905037,0.5102938507732592,0.5773209388318814,0.9904101036096874
CBASM,104,0.7843491278196636,0.6540964402650532,0.5254982505974016,0.5897973454312274,0.9841660119985279
CBASM,105,0.7765488201066068,0.643704608867043,0.5001419241491117,0.5719232665080773,0.982111919867365
CBASM,106,0.7641776047254863,0.6200405908258337,0.47360775266823013,0.5468241717470319,0.9825089071926317
CBASM,107,0.7682130289705176,0.6297859714219445,0.4957878589630127,0.5627869151924786,0.9718275948574668
CBASM,108,0.7854803188851005,0.6313679163393221,0.5017485602905876,0.5665582383149548,0.9732703237157119
CBASM,109,0.7505877755190197,0.6170630392275358,0.4798319786787033,0.5484475089531196,0.9799177050590515
CBASM,110,0.7473015800902718,0.5779013869009519,0.4598212438194375,0.5188613153601948,0.9501227375708128
CBASM,111,0.748977563883129,0.6898192763328552,0.5305886401941902,0.6102039582635227,0.9332444354107505
CBASM,112,0.734663431581698,0.6691445880814603,0.5061731314972827,0.5876588597893715,0.9421973965669933
CBASM,113,0.717365540956196,0.5887157807224676,0.4730165875271747,0.5308661841248211,0.9772900797818836
CBASM,114,0.768253881680338,0.6405143290758133,0.5465479289230547,0.593531128999434,0.9449862806420577
CBASM,115,0.7669847027251595,0.627633682991329,0.482281589194348,0.5549576360928385,0.9652439261737623
CBASM,116,0.7578321914923819,0.6845292496053796,0.5215698308066318,0.6030495402060057,0.9802513138244027
CBASM,117,0.7150212118500158,0.6100615051231886,0.4386925540472332,0.5243770295852108,0.9046682276223835
CBASM,118,0.754365872395666,0.5765261853996076,0.4593103888787721,0.5179182871391899,0.9367179541211379
CBASM,119,0.7552448103302404,0.6509788287313361,0.5199499459643113,0.5854643873478237,0.9686622023582458
CBASM,120,0.7984312678638258,0.6462273927111375,0.5390344128796929,0.5926309027954152,0.9832154575147127
CBASM,121,0.8108344344716323,0.6720841056422183,0.5426565698887172,0.6073703377654678,0.9902769358534562
CBASM,122,0.7873567436870775,0.6378492728659981,0.5031037738448695,0.5704765233554339,0.9799574158693615
CBASM,123,0.7801990807056427,0.6357005207162154,0.48736458546236944,0.5615325530892924,0.9812742644234708
CBASM,124,0.7800322582847193,0.6625509983614871,0.5165065338737086,0.5895287661175979,0.9906351989821384
CBASM,125,0.8044804162100742,0.6481318442445052,0.5349066226105941,0.5915192334275496,0.9897852602757906
CBASM,126,0.7915183635134446,0.6816544595517611,0.5497262791583413,0.6156903693550512,0.9932881483906194
CBASM,127,0.7935414486809781,0.6667905983171964,0.5239936654504976,0.5953921318838471,0.9922525663124887
CBASM,128,0.8073614820053703,0.6559217587897652,0.5340604405654105,0.5949910996775878,0.9894500531648335
CBASM,129,0.8085539356658333,0.655148656744706,0.5340457033169898,0.5945971800308478,0.9938089816193831
CBASM,130,0.8116431863684404,0.6462804502562473,0.540236959331914,0.5932587047940806,0.9933037114770789
CBASM,131,0.8105797799010026,0.6609141418808385,0.5396682972970762,0.6002912195889574,0.9935105003808674
CBASM,132,0.8092169165611267,0.6464236849232724,0.5411216138224852,0.5937726493728788,0.9901151986498582
CBASM,133,0.789964286904586,0.6675170032601607,0.5144774270685095,0.5909972151643351,0.9909567660407016
CBASM,134,0.8045654861550582,0.6643430025953996,0.5324474400595615,0.5983952213274806,0.9948405717548571
CBASM,135,0.7890422736343584,0.6688223528234583,0.5225268453359604,0.5956745990797093,0.9906764595132125
CBASM,136,0.7982167272191298,0.6589336803084925,0.5290916389540622,0.5940126596312774,0.9909683246361581
CBASM,137,0.803406541284762,0.6358020211520948,0.5278336170472597,0.5818178190996772,0.9889209992007205
CBASM,138,0.7549821169752824,0.6979101253183264,0.5001493480644728,0.5990297366913996,0.966515263444499
CBASM,139,0.7976595884875247,0.6473168432712555,0.5050292901302639,0.5761730667007596,0.9896286475031
CBASM,140,0.8090520783474571,0.6522895144788843,0.5319602301246241,0.5921248723017543,0.993120623262305
CBASM,141,0.8120566528094443,0.6706266591423437,0.5396266281604767,0.6051266436514102,0.9896264782077387
CBASM,142,0.808787857231341,0.6633818039768621,0.5410478326835131,0.6022148183301876,0.9874157842836881
CBASM,143,0.8118946897356134,0.6789172840745825,0.5558010222096192,0.6173591531421009,0.9896464912514937
CBASM,144,0.770993212335988,0.6541859993809148,0.5130719275850999,0.5836289634830074,0.9909395842175734
CBASM,145,0.7983003368503169,0.6596122768364454,0.5257713551584043,0.5926918159974248,0.9779736854528126
CBASM,146,0.821044910895197,0.6719396992733604,0.5557472901908975,0.613843494732129,0.9741688715784174
CBASM,147,0.8004183831967806,0.6864280214435176,0.5436155372544339,0.6150217793489757,0.9748511000683433
CBASM,148,0.835486860651719,0.6709296279831937,0.5605487745059164,0.6157392012445551,0.9765369845064062
CBASM,149,0.7329136823353014,0.5826441810319298,0.5127395336565218,0.5476918573442258,0.9403873509482333
CBASM,150,0.6281188177435022,0.4212955440345563,0.5110209325426504,0.46615823828860337,0.9607624364526648
CBASM,151,0.7432435829388467,0.6257952451705933,0.5457429007480019,0.5857690729592976,0.9899372709424872
CBASM,152,0.7427543040953184,0.6521150281554774,0.5175617635250092,0.5848383958402432,0.9867708369305259
CBASM,153,0.7969253769046382,0.6782817181787992,0.5714950467410841,0.6248883824599416,0.9937031127904591
CBASM,154,0.7988577249803042,0.6519484974836048,0.567863396123836,0.6099059468037205,0.9953762920279252
CBASM,155,0.7828609237545415,0.6540593363736805,0.5535957726993059,0.6038275545364933,0.9935818189068845
CBASM,156,0.7898230678156802,0.6428856284994828,0.5405417539571461,0.5917136912283145,0.9941010726125616
CBASM,157,0.7964544390377245,0.6693373808735296,0.5491237107076143,0.609230545790572,0.993954421658265
CBASM,158,0.8067608820764642,0.6756490610147777,0.5486243178969935,0.6121366894558856,0.9946841770096829
CBASM,159,0.8301478985108828,0.6462438553571701,0.539255888838517,0.5927498720978436,0.9746339901497489
CBASM,160,0.8339241115670455,0.6747450138393202,0.5827629958328447,0.6287540048360825,0.9826917585573698
CBASM,161,0.8275401498142042,0.6664720412931944,0.5530406417031037,0.6097563414981491,0.9838843455440119
CBASM,162,0.8409412111106672,0.6970285820333582,0.577363520860672,0.6371960514470151,0.9911414839719471
CBASM,163,0.8311485742267809,0.681989312171936,0.5518216780926052,0.6169054951322706,0.9898744884290194
CBASM,164,0.837079434018386,0.6938350969239285,0.574860396353822,0.6343477466388753,0.9911691844463348
CBASM,165,0.8187984824180603,0.6677949052107962,0.532782035438638,0.6002884703247171,0.9899060412457115
CBASM,166,0.8246447773356187,0.6928833958349729,0.5519909223443583,0.6224371590896656,0.9920880669041684
CBASM,167,0.8427279466076901,0.6863299012184143,0.5652848380176645,0.6258073696180394,0.9951406670244116
CBASM,168,0.8467895796424464,0.6857805361873225,0.5726445160414043,0.6292125261143634,0.9907993768390856
CBASM,169,0.8492199590331629,0.6801618980733972,0.5753419634542967,0.6277519307638469,0.9910617157032615
CBASM,170,0.8310848772525787,0.6922277321940974,0.5673928213746924,0.6298102767843949,0.9917003888832895
CBASM,171,0.8124801689072659,0.6775803189528616,0.5409024844044134,0.6092414016786375,0.9924925079471186
CBASM,172,0.8434288486054069,0.6834735399798343,0.5820316656639701,0.6327526028219022,0.9892129709846095
CBASM,173,0.837128360020487,0.6882821713623247,0.5694312798349481,0.6288567255986364,0.9875476015241522
CBASM,174,0.8310133924609736,0.6867644018248508,0.5613435538191545,0.6240539778220027,0.9940010387646524
CBASM,175,0.8437237488596063,0.6412119363483629,0.5670638672615352,0.6041379018049491,0.9855590901876751
CBASM,176,0.7952852798135657,0.6821328385880119,0.534536411887721,0.6083346252378665,0.9777775093128807
CBASM,177,0.8184602119420704,0.6620836853981018,0.5393060994775671,0.6006948924378345,0.9849003051456652
CBASM,178,0.8254234790802002,0.6830512944020724,0.5564998176537062,0.6197755560278893,0.9912018979850569
CBASM,179,0.8565546446724942,0.6603923189012628,0.5848763287067413,0.6226343238040021,0.9888777528938494
CBASM,180,0.8244626663233104,0.6710736696657381,0.549127135621874,0.610100402643806,0.9809219790132422
CBASM,181,0.7975549133200395,0.6897720867081693,0.5470120530379446,0.618392069873057,0.9808592482617027
CBASM,182,0.8221022957249692,0.6843539523450952,0.5667360989671004,0.6255450256560978,0.9889185130596161
CBASM,183,0.8297442354654011,0.6786365571774935,0.5651025952477204,0.621869576212607,0.9944241470412204
CBASM,184,0.8471271489795885,0.6826610596556413,0.5813853136802974,0.6320231866679693,0.9908743061517414
CBASM,185,0.8114498885054338,0.6671133621742851,0.5502925436747702,0.6087029529245276,0.984264391033273
CBASM,186,0.81699916092973,0.6818348420293707,0.5467644922043148,0.6142996671168428,0.9938428684284812
CBASM,187,0.8399339114364824,0.6938389947539881,0.5848368720004433,0.6393379333772158,0.9935851206904963
CBASM,188,0.8091350338960949,0.6802600684918856,0.5414477963196603,0.6108539324057729,0.9937158932811335
CBASM,189,0.8170173936768582,0.6821748096691934,0.5453422783236754,0.6137585439964344,0.9930872995602457
CBASM,190,0.8292578348987981,0.6865129549252359,0.5624356920781889,0.6244743235017124,0.9921495412525377
CBASM,191,0.8477821240299627,0.700170382073051,0.5902599080612785,0.6452151450671648,0.9899626201704929
CBASM,192,0.8540621619475516,0.6862198208507738,0.5777618634073358,0.6319908421290548,0.9919049912377408
CBASM,193,0.8353380749100133,0.678446573646445,0.5816775364311118,0.6300620550387783,0.9870816249596445
CBASM,194,0.8142485759760204,0.673940752681933,0.5625381712850771,0.618239461983505,0.9915359820190229
CBASM,195,0.8014396695714248,0.6736758696405512,0.541141467659097,0.6074086686498241,0.99064817397218
CBASM,196,0.8393459916114807,0.6878263699380975,0.5752329998894742,0.6315296849137859,0.9953403112135435
CBASM,197,0.812378748467094,0.6646949711598849,0.5308274626731873,0.597761216916536,0.9940038872392554
CBASM,198,0.8376596287677163,0.6751088045145336,0.5722800344228745,0.623694419468704,0.9847986917746695
CBASM,199,0.8552733189181277,0.6897908590341869,0.5937004920683409,0.6417456755512638,0.9949461535403603
CBASM,200,0.8319024647537031,0.6802872670324225,0.5555701365596369,0.6179287017960298,0.9946155689264599
CBASM,201,0.8335235040438803,0.6864420175552368,0.5702829643299705,0.6283624909426037,0.995603925303409
CBASM,202,0.835519768689808,0.683836031901209,0.5748077066321122,0.6293218692666607,0.9952575360473833
CBASM,203,0.8404468125418613,0.6728566806567343,0.5590444277775916,0.6159505542171629,0.9952598433745535
CBASM,204,0.8271787307764354,0.6954901139987143,0.5619391297039232,0.6287146218513188,0.9935277747480493
CBASM,205,0.8534411835043054,0.6946699587922347,0.5859987939658918,0.6403343763790632,0.9920139689194528
CBASM,206,0.8313666472309514,0.6841037273406982,0.5586313346498891,0.6213675309952937,0.9934715863905454
CBASM,207,0.8422833822275463,0.6736971563414523,0.5770015347945062,0.6253493455679793,0.9922353891949904
CBASM,208,0.8383413035618631,0.690448091218346,0.5640281611367276,0.6272381261775368,0.9896433855357923
CBASM,209,0.8265012769322646,0.6666319260471746,0.5485117827591143,0.6075718544031444,0.9689731895923615
CBASM,210,0.8439454671583677,0.6786476828550038,0.5619587678658334,0.6203032253604186,0.9854012398343337
CBASM,211,0.8526869228011683,0.6958714582418141,0.5828185983394322,0.6393450282906231,0.9930433223122045
CBASM,212,0.8037249367488059,0.6923840892942328,0.5351066048208036,0.6137453470575183,0.9929456161825281
CBASM,213,0.8538799944676851,0.7058891371676796,0.591494608866541,0.6486918730171103,0.9935414038206402
CBASM,214,0.8351384934626127,0.6832761874324397,0.5501453021639272,0.6167107447981834,0.9895769043972618
CBASM,215,0.8589455987277784,0.6923774010256717,0.592501130543257,0.6424392657844644,0.9935329995657268
CBASM,216,0.8420600577404624,0.6930559355961649,0.5770947211667111,0.635075328381438,0.9949861137490523
CBASM,217,0.8489360526988381,0.6900463433642137,0.5836130239461598,0.6368296836551868,0.9962586682093771
CBASM,218,0.8110195868893674,0.7000385475786108,0.5461148227515974,0.6230766851651042,0.9869637661858609
CBASM,219,0.8273109997573652,0.6720302073579085,0.5450963542649621,0.6085632808114353,0.9915935146181207
CBASM,220,0.8404878236745533,0.6815004050731659,0.5688535978919581,0.625177001482562,0.9933276850926248
CBASM,221,0.8446009253200731,0.6861980620183443,0.5666932691084711,0.6264456655634076,0.9941094376538929
CBASM,222,0.8394884529866671,0.716621049140629,0.5804266670816823,0.6485238581111556,0.9936346019569197
CBASM,223,0.8576028190161052,0.7070936890024888,0.5964669538171667,0.6517803214098278,0.9919248803665763
CBASM,224,0.8398177937457436,0.6858481262859545,0.5688153732764093,0.6273317497811819,0.9934450638921637
CBASM,225,0.8242524893660295,0.6659916874609495,0.542971018113588,0.6044813527872688,0.9902517026976535
CBASM,226,0.8327090771574723,0.6892249458714536,0.5857504355280023,0.637487690699728,0.9865976713205639
CBASM,227,0.8264078513572091,0.6798400439714131,0.5626265092899925,0.6212332766307027,0.989653268927022
CBASM,228,0.8391062476133045,0.630331459798311,0.523557764134909,0.57694461196661,0.9689779250245345
CBASM,229,0.8563624808662816,0.7026163731750689,0.5938052958563754,0.6482108345157221,0.9897117410835466
CBASM,230,0.8483833043198836,0.7004739061782235,0.5741147500903983,0.6372943281343109,0.9954052849819786
CBASM,231,0.8594898063885538,0.7052557233132815,0.5853591577002877,0.6453074405067846,0.9957260614947269
CBASM,232,0.8498615732318476,0.6839609695108313,0.5645041528501009,0.6242325611804661,0.9946638737854204
CBASM,233,0.8466207338006873,0.7037754686255204,0.5780352981466996,0.64090538338611,0.9933852098490062
CBASM,234,0.8634879212630423,0.6953055042969553,0.5957303470686862,0.6455179256828207,0.992355255704177
CBASM,235,0.8426568649317089,0.7042212015704105,0.5730332614559877,0.6386272315131991,0.9939722010963842
CBASM,236,0.8540427339704413,0.6628570148819372,0.5558059803749386,0.6093314976284379,0.9759858830978996
CBASM,237,0.8428752830154017,0.7060266764540422,0.5771739028002086,0.6416002896271253,0.9913424190722013
CBASM,238,0.8465772584864968,0.6977527063143881,0.5740135923812264,0.6358831493478072,0.9970164722517917
CBASM,239,0.8574298008492118,0.6898059045013628,0.5793360965816599,0.6345710005415113,0.9931579953745792
CBASM,240,0.8626484102324435,0.7058161701026716,0.5975348431813089,0.6516755066419903,0.9943958913025103
CBASM,241,0.8446670080486097,0.6792915259536944,0.5582041489450555,0.6187478374493749,0.9939684648262826
CBASM,242,0.843506954218212,0.6772821608342623,0.5559928150553453,0.6166374879448038,0.9919841916937577
CBASM,243,0.8613702403871637,0.696286181085988,0.5982964540782728,0.6472913175821304,0.9951722919940948
CBASM,244,0.8369191884994507,0.6965780822854293,0.5698339562667044,0.6332060192760669,0.995478165777106
CBASM,245,0.8243049743928408,0.6919504686405784,0.5572379074598613,0.6245941880502199,0.9929860500912917
CBASM,246,0.8414176075082076,0.681162167536585,0.5666481907430448,0.6239051791398149,0.9920988647561324
CBASM,247,0.8588097660165084,0.7036927954146737,0.5921519641813479,0.6479223797980107,0.9954982133288133
CBASM,248,0.8601760472121992,0.6909124804170508,0.5754397942831642,0.6331761373501075,0.9960695144377256
CBASM,249,0.853604141034578,0.6965697407722473,0.5728402333824258,0.6347049870773366,0.9966855205987629
CBASM,250,0.855688037056672,0.6972311986120123,0.5874872286068765,0.6423592136094445,0.9928345946889174
CBASM,251,0.8423329748605427,0.6809547135704442,0.5535928928538373,0.6172738032121408,0.9964708999583596
CBASM,252,0.8684481100032204,0.6855261576803107,0.5852375250113638,0.6353818413458372,0.9954679984795419
CBASM,253,0.8722704335262901,0.700959541295704,0.5962734128299513,0.6486164770628277,0.9969181700756675
CBASM,254,0.8478638796429885,0.700592638630616,0.5664780547744349,0.6335353467025255,0.9972859228912153
CBASM,255,0.8549875962106805,0.6967676815233732,0.5753873445485768,0.636077513035975,0.9958375990390778
CBASM,256,0.8641281614178106,0.6896192243224696,0.5754446308863791,0.6325319276044243,0.9947070244111513
CBASM,257,0.8720403501861974,0.7111618659998241,0.6074209213256836,0.6592913936627538,0.99440987329734
CBASM,258,0.8439307950044933,0.6714392257364172,0.545731539788999,0.6085853827627081,0.9925405304682883
CBASM,259,0.8642397648409793,0.6799623072147369,0.5727860606030414,0.6263741839088892,0.9947580020678671
CBASM,260,0.8539068761624788,0.6964261751425894,0.571156360601124,0.6337912678718567,0.9942876790699205
CBASM,261,0.85028895422032,0.6908806719278034,0.562610891304518,0.6267457816161608,0.9922696430432169
CBASM,262,0.8572215845710353,0.6935237850013533,0.5730062495721014,0.6332650172867273,0.996442503050754
CBASM,263,0.8606175294047907,0.6966289517126585,0.5773271910454097,0.6369780713790341,0.9970826741896177
CBASM,264,0.8459257718763853,0.7108961202596363,0.5815844676996532,0.6462402939796448,0.9940169939869329
CBASM,265,0.841653679546557,0.6808704812275735,0.5586884523692884,0.619779466798431,0.9943212866783142
CBASM,266,0.8633468888307873,0.6920386458698072,0.5864331267381969,0.6392358863040021,0.9977529441055498
CBASM,267,0.8531478768900821,0.6767574109529194,0.5553591823891589,0.6160582966710392,0.994789299212004
CBASM,268,0.8600099714178788,0.7055029633798098,0.587880978458806,0.646691970919308,0.9953946518270593
CBASM,269,0.8572898397320196,0.7052809972512094,0.5926259975684317,0.6489534974098206,0.9965506697955885
CBASM,270,0.8642847208600295,0.6827045569294378,0.5828332697090349,0.6327689133192363,0.9923484403836099
CBASM,271,0.8565939884436758,0.696893434775503,0.5836923294945767,0.6402928821350399,0.9969023654335424
CBASM,272,0.8587382937732496,0.6986499930682936,0.5926041916797036,0.6456270923739986,0.9928082651213596
CBASM,273,0.8282423537028464,0.6782972624427394,0.5358944856806805,0.60709587406171,0.9950640766244185
CBASM,274,0.8535064443161613,0.7071643816797357,0.5818888686205211,0.6445266251501285,0.9967077703852403
CBASM,275,0.8424216869630312,0.6836326263452831,0.5722558788563076,0.6279442526007953,0.9830506898854908
CBASM,276,0.8215795802442651,0.6885883212089539,0.5509514487103412,0.6197698849596476,0.9941393152663582
CBASM,277,0.8407174301774878,0.7001429921702335,0.5672602245682165,0.633701608369225,0.9919715288438296
CBASM,278,0.8656368773234518,0.690290093421936,0.5922255908188067,0.6412578421203714,0.9947970682068875
CBASM,279,0.8538681833367598,0.7014527587514174,0.5803837180137634,0.6409182383825904,0.9958002065357409
CBASM,280,0.8456050141861564,0.6752646816404242,0.5566162082709765,0.6159404449557003,0.99042231471915
CBASM,281,0.835821387014891,0.6944695115089417,0.5588051292457079,0.6266373203773248,0.9953681403084805
CBASM,282,0.8651823150484186,0.6954710107100638,0.5813516111750352,0.6384113109425495,0.9954690399922823
CBASM,283,0.8610684212885404,0.6922119997049633,0.5740634234328019,0.6331377115688825,0.9917398832346264
CBASM,284,0.8606148048451072,0.6817227837286497,0.566147898372851,0.6239353410507503,0.9967962675972989
CBASM,285,0.8512193482173117,0.7002921386768943,0.5717140193048277,0.6360030789908611,0.9973650935449099
CBASM,286,0.8710947977869135,0.6978151217887276,0.5905530342930242,0.6441840780408759,0.9928951122258839
CBASM,287,0.8566355548406902,0.6887570666639429,0.5673798338363045,0.6280684502501237,0.9956070200393075
CBASM,288,0.8695134661699596,0.704617650885331,0.5986031011531228,0.6516103760192269,0.9962335762224699
CBASM,289,0.8361911601141879,0.6901196131580755,0.5482833848187798,0.6192014989884276,0.9913324729392403
CBASM,290,0.8560794105655268,0.6933994418696353,0.5750143324073992,0.6342068871385173,0.9969690332287237
CBASM,291,0.860881822673898,0.692978644057324,0.5760249221011212,0.6345017830792226,0.9960175093851591
CBASM,292,0.8493886088070116,0.6958109673700834,0.571013701589484,0.6334123344797837,0.9977726167754123
CBASM,293,0.8645220696926117,0.7021465740705791,0.5851523154660275,0.6436494447683033,0.9955651838528482
CBASM,294,0.8684121103663194,0.6925770561946066,0.5882060339576319,0.6403915450761193,0.994561211058968
CBASM,295,0.8444808815654955,0.6920864174240514,0.5619075031656968,0.6269969602948742,0.9964889256577742
CBASM,296,0.8488110727385471,0.6942775139683172,0.5663437647254843,0.6303106393469007,0.9967867575193706
CBASM,297,0.8763216937843122,0.70193780723371,0.6030316290102506,0.6524847181219804,0.9984294129045386
CBASM,298,0.8707723899891502,0.6873344010428378,0.582824170589447,0.6350792858161425,0.9891750341967532
CBASM,299,0.8601216422884088,0.6857009577123743,0.5744340772691526,0.6300675174907635,0.9840644770546964
CBASM,300,0.8511475214832708,0.6904736271030024,0.568771893256589,0.6296227601797957,0.9958018064498901
CBASM,301,0.8495879377189436,0.6862900351223192,0.5584675575557508,0.622378796339035,0.9948502920175853
CBASM,302,0.8780564885390433,0.6775943919232017,0.5820616867981458,0.6298280393606738,0.9827047335474115
CBASM,303,0.8607177028530523,0.7093114570567483,0.5854775089966623,0.6473944830267053,0.9931598556669134
CBASM,304,0.8693096716152994,0.6790866318501925,0.574238679910961,0.6266626558805768,0.992743515654614
CBASM,305,0.8547794536540383,0.7063681185245514,0.5789594313031748,0.6426637749138631,0.9953078329563141
CBASM,306,0.8530229079095941,0.6902792061630049,0.5657476084797006,0.6280134073213528,0.9909728702745939
CBASM,307,0.8725403061038569,0.6766768662553084,0.578166199357886,0.6274215328065973,0.992624149510735
CBASM,308,0.8581910666666532,0.6934813417886433,0.5710157281474063,0.6322485349680248,0.996667913700405
CBASM,309,0.8631762532811416,0.6965218641256031,0.5784209080432591,0.6374713860844311,0.995773080148195
CBASM,310,0.8618234411666268,0.6976781424723173,0.5740127814443488,0.635845461958333,0.9974143207073212
CBASM,311,0.8543997987320548,0.6914904839114139,0.5694076520831961,0.6304490679973049,0.9973932441912199
CBASM,312,0.8544104020846518,0.6864769537197916,0.5631310633922878,0.6248040085560397,0.9969754862157922
CBASM,313,0.8538053380815607,0.6931670778676083,0.5645314266807154,0.6288492522741619,0.9944911144281688
CBASM,314,0.855962767412788,0.7014442917547727,0.5733518514193987,0.6373980715870857,0.9954543443102586
CBASM,315,0.8719437749762284,0.6924125959998683,0.5836302622368461,0.6380214291183572,0.9963761944519846
CBASM,316,0.8734748363494873,0.7101457950315977,0.5941871953637976,0.6521664951976976,0.9974358756291238
CBASM,317,0.8636038742567363,0.694025163587771,0.5821591474507984,0.6380921555192847,0.9981046256266142
CBASM,318,0.8697220934064764,0.6891719871445706,0.5866198382879558,0.6378959127162632,0.9986791297009117
CBASM,319,0.853677815512607,0.7038093930796573,0.5685431298456693,0.6361762614626634,0.9983676703352677
CBASM,320,0.8715194887236545,0.7022055544351277,0.5852091563375372,0.6437073553863324,0.9955224363427413
CBASM,321,0.8535890908617723,0.685377875440999,0.5513764682569002,0.6183771718489497,0.994219864669599
CBASM,322,0.8714614667390522,0.7056619399472287,0.5877458217896914,0.64670388086846,0.9966659373358676
CBASM,323,0.8734389700387654,0.7083523806772734,0.5915807971828863,0.6499665889300799,0.9982132299950248
CBASM,324,0.8672512063854619,0.6963447755888889,0.5768761085836511,0.6366104420862699,0.9974753621377443
CBASM,325,0.8658574003922311,0.6937509775161743,0.5762069342952025,0.6349789559056884,0.995732622711282
CBASM,326,0.8481391872230329,0.6988897731429652,0.5600751442344565,0.6294824586887109,0.9972620465253529
CBASM,327,0.8693514136891616,0.6986856397829557,0.585993722865456,0.6423396813242059,0.9973297872041401
CBASM,328,0.8738336280772561,0.7024088235277879,0.5931866898348457,0.6477977566813168,0.9959117581969813
CBASM,329,0.8595693283959439,0.7141427319300803,0.5852825178911811,0.6497126249106306,0.9969136150259721
CBASM,330,0.8750072341216238,0.6995666983880495,0.5900498597245467,0.6448082790562981,0.9958478479008925
CBASM,331,0.8705139866000727,0.704839079003585,0.5847162251409731,0.644777652072279,0.9961537091355575
CBASM,332,0.8619259925265061,0.7001274243781441,0.5737585252837131,0.6369429748309285,0.9959479978210047
CBASM,333,0.8580393352006611,0.7078110371765337,0.5802334790167055,0.6440222580966196,0.9965821096771642
CBASM,334,0.8585375939544878,0.7004390060901642,0.5787523663357684,0.6395956862129664,0.997490539362556
CBASM,335,0.8575515151023865,0.6988770255916997,0.574093695533903,0.6364853605628014,0.9977765177425585
CBASM,336,0.8806484545532026,0.7115805776495683,0.6100764149113705,0.6608284962804694,0.9977007084771207
CBASM,337,0.8559762694333729,0.6983429632688823,0.563957625313809,0.6311502942913456,0.9974152288938823
CBASM,338,0.8577591823904138,0.6971653072457564,0.5643061289661809,0.6307357181059687,0.9974322868020911
CBASM,339,0.8540571818226262,0.7022665488092523,0.5662001998800981,0.6342333743446752,0.9914267706243616
CBASM,340,0.851922017963309,0.7046064812886087,0.5662933486072641,0.6354499149479365,0.9970224342848125
CBASM,341,0.8653735612568102,0.7069457330201802,0.5843697394195356,0.6456577362198579,0.9985095074302272
CBASM,342,0.8682894173421358,0.6926839367339486,0.5773636949689764,0.6350238158514625,0.9973203555533761
CBASM,343,0.8642323832762869,0.6988863929321891,0.5756711763770956,0.6372787846546424,0.997317827061603
CBASM,344,0.8419879298461111,0.7028266646360096,0.5548577300812069,0.6288421973586082,0.9955811280953256
CBASM,345,0.8699969414033388,0.6906991616675728,0.5774321524720443,0.6340656570698086,0.9915690688710463
CBASM,346,0.8677297485502142,0.7065004816180781,0.5869561825927935,0.6467283321054358,0.9971675966915331
CBASM,347,0.827560809097792,0.6990069245037279,0.5569119767138833,0.6279594506088055,0.9956675046368649
CBASM,348,0.7675706932419225,0.6820272536654222,0.5231503985430065,0.6025888261042143,0.9941922473280054
CBASM,349,0.8282309629415211,0.7037244376383329,0.5664286754633251,0.635076556550829,0.9985202786169554
CBASM,350,0.8494197600766232,0.7031692862510681,0.5742872373053902,0.6387282617782292,0.996770872881538
CBASM,351,0.8445278625739249,0.699657750757117,0.5626012628015719,0.6311295067793444,0.9970190697594693
CBASM,352,0.8463393151760101,0.690905279234836,0.5570939951821378,0.6239996372084868,0.997655484237169
CBASM,353,0.8105436845829612,0.7140634797121349,0.5491039321610802,0.6315837059366076,0.9976842717120522
CBASM,354,0.7639448579988981,0.709370101753034,0.5148337177540127,0.6121019097535234,0.9973710885173396
CBASM,355,0.8437993824481964,0.6863695304644736,0.5732267028407046,0.6297981166525891,0.9952338494752583
CBASM,356,0.8718509548588803,0.6937091413297152,0.5868902104465585,0.6402996758881369,0.9942535193342912
CBASM,357,0.8638760996492285,0.6881808387605768,0.5805282357491945,0.6343545372548857,0.9941229177148718
CBASM,358,0.8455218845292142,0.7046457356528232,0.5723808462682524,0.6385132909605378,0.9967109780562552
CBASM,359,0.8325198731924358,0.689650540289126,0.5422360912749642,0.6159433157820451,0.9957887342101649
CBASM,360,0.8595101049071864,0.7039828504386701,0.5781130916193912,0.6410479710290307,0.996584060945009
CBASM,361,0.8680720219486638,0.7142960429191589,0.5969091842049047,0.6556026135620319,0.9972129385722311
CBASM,362,0.8710301847834336,0.7045582783849615,0.5924688836461619,0.6485135810155618,0.9978933271608854
CBASM,363,0.849896081184086,0.700974807927483,0.5629455188387319,0.6319601633831075,0.9979234400548433
CBASM,364,0.8673856885809648,0.6911410281532689,0.5749362362058539,0.6330386321795614,0.995375898323561
CBASM,365,0.8468694843743977,0.6951847923429388,0.5566934974570024,0.6259391448999706,0.9968759872411427
CBASM,366,0.8670443500343122,0.7097689054514232,0.5883375406265259,0.6490532230389745,0.997863127997047
CBASM,367,0.8828861462442499,0.6958419680595398,0.5924584504805113,0.6441502092700255,0.9970176894413797
CBASM,368,0.8628259065904116,0.7098116372760973,0.5826103624544645,0.646210999865281,0.9983176353730654
CBASM,369,0.8644759121694063,0.7051368841999456,0.5802280526412161,0.6426824684205809,0.997984020333541
CBASM,370,0.8597893056116606,0.7014109147222418,0.5702136817731356,0.6358122982476887,0.997938849424061
CBASM,371,0.8679925266065096,0.7174585053795263,0.5920414124664507,0.6547499589229885,0.9949809265764136
CBASM,372,0.8652730835111517,0.6897849032753393,0.5648540007440668,0.627319452009703,0.9967469573020935
CBASM,373,0.8648311668320706,0.7048056094270003,0.577867749490236,0.6413366794586182,0.997112374556692
CBASM,374,0.8620934251107668,0.7002014062906566,0.5715255282427135,0.6358634672666851,0.9977705886489466
CBASM,375,0.8709396782674288,0.7044365453092676,0.585754112193459,0.6450953287513632,0.9968015880961167
CBASM,376,0.8714446409752494,0.6811251107015108,0.5662819994123358,0.6237035550569233,0.9914664312412864
CBASM,377,0.8583946714275762,0.7048082649707794,0.569795592835075,0.6373019289029271,0.9977925059042478
CBASM,378,0.8606692772162589,0.7034766140737032,0.5720586102259787,0.637767612149841,0.9982712833504928
CBASM,379,0.853975700704675,0.6972486957123405,0.5612410322615975,0.629244863986969,0.9974724085707414
CBASM,380,0.8803324511176661,0.6993481187443984,0.5981349380392778,0.6487415283918381,0.9952216995389838
CBASM,381,0.8627788142154091,0.6952758886312184,0.5691261793437757,0.632201033987497,0.9923953382592452
CBASM,382,0.868270859906548,0.698763547759307,0.5765491731856999,0.6376563604725034,0.9957851736169112
CBASM,383,0.8648271544983512,0.7064972880639528,0.5814464688301086,0.6439718784470307,0.9976232647895813
CBASM,384,0.8579585662013606,0.7019889919381392,0.5731087750510165,0.637548883494578,0.9966329508706143
CBASM,385,0.8616764012135958,0.7137957497646934,0.5841326572393116,0.6489642035020025,0.9983639497505991
CBASM,386,0.8683673598264393,0.6983310846905959,0.5749827317501369,0.6366569082203664,0.9977552828035856
CBASM,387,0.8608328511840418,0.7076358214805001,0.5767979096425208,0.6422168655615104,0.9987474742688631
CBASM,388,0.8752760557751906,0.6894670615070745,0.5830007744462866,0.6362339179766805,0.9962926020747737
CBASM,389,0.8531052125127692,0.7044775862442819,0.5655367993994763,0.6350071928218791,0.9981556095575032
CBASM,390,0.8679389953613281,0.7051206560511338,0.5823370735896262,0.64372886482038,0.9985864899660412
CBASM,391,0.8785695355189475,0.7085207104682922,0.5983248227520993,0.6534227666101957,0.9979372824493208
CBASM,392,0.8632749334761971,0.7041251753505907,0.5777435741926494,0.6409343747716201,0.9976832709814373
CBASM,393,0.8622137057153803,0.6864476454885382,0.565207355116543,0.6258275003025406,0.9930151261781391
CBASM,394,0.868983877332587,0.7071572871584642,0.5876784701096384,0.6474178786340512,0.9972980571420569
CBASM,395,0.8684459407078592,0.698202437476108,0.5784183811200293,0.6383104092980687,0.9980316083682211
CBASM,396,0.8662558841077905,0.7063687255508021,0.5805346463855944,0.6434516859681982,0.9984849393367767
CBASM,397,0.881707627522318,0.7079824962114033,0.6042665431373998,0.6561245196744016,0.9968762554620442
CBASM,398,0.8534396306464547,0.6999848845757937,0.5639150848514155,0.6319499847136045,0.995295618709765
CBASM,399,0.8589381042279696,0.6931777800384321,0.5669464312101665,0.6300621056242993,0.996887196051447
CBASM,400,0.8715233504772186,0.7122900705588492,0.5967233463337547,0.6545067084463019,0.9972929232998898
CBASM,401,0.8663873311720396,0.7101217210292816,0.5896714345404976,0.6498965777848896,0.9971756825321599
CBASM,402,0.8648913094871923,0.7017271142256888,0.580951662440049,0.6413393883328689,0.99421342579942
CBASM,403,0.8721489561231512,0.7070385594117014,0.5890894657687137,0.6480640125902075,0.9973092079162598
CBASM,404,0.8519361348528611,0.7044951962797266,0.5627153115837198,0.6336052539317232,0.9980145002666273
CBASM,405,0.8663465208128879,0.7118714514531588,0.5876036749074334,0.6497375631802961,0.9972970046495137
CBASM,406,0.8554909025367937,0.6888353150141867,0.5673309462635141,0.6280831306388504,0.9930690166197325
CBASM,407,0.8601882144024497,0.7085654500283693,0.5814712157374934,0.6450183328829313,0.9974763346345801
CBASM,408,0.8732041575406727,0.7104343583709315,0.5994763280216017,0.6549553431962666,0.9968075234639017
CBASM,409,0.8475375693095358,0.6972260788867348,0.5586997003931748,0.6279628896399548,0.9944073808820624
CBASM,410,0.8676493701181913,0.694859686650728,0.5813754608756617,0.6381175737631948,0.9973733409454948
CBASM,411,0.8501230164578086,0.7157716123681319,0.5709554968695891,0.6433635546188605,0.9969681940580669
CBASM,412,0.8695971573653974,0.6781149334029147,0.5601584589795062,0.6191366961912105,0.993274798518733
CBASM,413,0.8674908970531664,0.6974081663708938,0.5761237630718633,0.6367659647213786,0.9933444073325709
CBASM,414,0.8595007689375627,0.693910068587253,0.563817593612169,0.628863831099711,0.9959358667072497
CBASM,415,0.8648835561777416,0.700988730317668,0.5736738412003768,0.6373312857590223,0.9975555868525254
CBASM,416,0.8741409527628046,0.7015308000539479,0.5879848473950436,0.6447578237244957,0.9953716256116566
CBASM,417,0.8510515548680958,0.7051099601544832,0.5679880866878911,0.6365490234211872,0.9968034703480569
CBASM,418,0.8673579285019323,0.7032537444641715,0.5832230997712988,0.6432384221177352,0.9969628061118879
CBASM,419,0.8619771176262906,0.70737666205356,0.5810938791224831,0.6442352705880215,0.9984424647532011
CBASM,420,0.8770397430972049,0.6924181157036832,0.5871771950470773,0.6397976553753802,0.9922855010158137
CBASM,421,0.8561209832367144,0.684176642643778,0.5591393568013844,0.6216579997225812,0.9869697548841175
CBASM,422,0.8506966986154255,0.70599113012615,0.5710889744131189,0.6385400522696345,0.997704206328643
CBASM,423,0.8638610745731153,0.7118750167520422,0.5862415385873694,0.6490582776697058,0.9977091001836877
CBASM,424,0.8583789232530092,0.7044120619171544,0.5741506618888754,0.6392813619030149,0.9977487874658484
CBASM,425,0.8680548683593148,0.7099057028168126,0.5889060795307159,0.6494058911737643,0.9988478186883425
CBASM,426,0.8703101638116335,0.7061065576578441,0.5883799305087641,0.6472432440833041,0.9985590090877131
CBASM,427,0.8708946485268442,0.713868713692615,0.5960284502882707,0.6549485819904428,0.9981488083538256
CBASM,428,0.8646875933596962,0.7073245064208382,0.5852678057394529,0.6462961560801456,0.9982273061024515
CBASM,429,0.8630114213416451,0.7011431173274392,0.5798521261466177,0.6404976217370284,0.9982263869360873
CBASM,430,0.8558204942627957,0.6997849439319811,0.5710156144280183,0.6354002791799997,0.9979127755290583
CBASM,431,0.867266877701408,0.713935668531217,0.5897383391857147,0.6518370038584659,0.998670839949658
CBASM,432,0.8680384692392851,0.707378919187345,0.5857572367316798,0.6465680779595124,0.9979661546255413
CBASM,433,0.8575907710351443,0.7014787055944142,0.5740639598746049,0.6377713327345096,0.9973354151374415
CBASM,434,0.8503997137672022,0.7059392285974402,0.5692732020428306,0.6376062153201354,0.9976367448505602
CBASM,435,0.8712312124277416,0.698652258044795,0.5863522871544486,0.6425022725996219,0.9958849768889578
CBASM,436,0.8595479099374068,0.6985551667840857,0.5717944628313968,0.6351748148077412,0.9975536387217673
CBASM,437,0.8648154547339991,0.7051755064412167,0.5813642097146887,0.6432698580779528,0.9981181088246798
CBASM,438,0.8706293482529489,0.6997734214130201,0.5832125591604334,0.6414929902867268,0.9954997018763894
CBASM,439,0.8670541361758584,0.7100473109044527,0.5879727884342796,0.6490100496693662,0.9971745171045002
CBASM,440,0.8608406091991224,0.6930910741028032,0.5689216703176498,0.6310063722102266,0.9970495842005077
CBASM,441,0.8688206656983024,0.7035521896261918,0.5851661217840094,0.6443591557051006,0.9987796999906239
CBASM,442,0.8731497353629062,0.7018183657997533,0.5902642262609381,0.6460412960303457,0.9975514945230985
CBASM,443,0.8592244072964317,0.7119382651228654,0.5837165509399614,0.6478274080314135,0.9978928440495541
CBASM,444,0.8515137339893141,0.6882474093060744,0.560714359346189,0.6244808843261317,0.992855451608959
CBASM,445,0.8528111812315489,0.6833711909620386,0.5808073031274896,0.6320892470447641,0.9974584093219355
CBASM,446,0.8510728901938388,0.6854956824528543,0.5762146899574682,0.6308551862051612,0.9973959640452736
CBASM,447,0.8594999987828104,0.6965827596815009,0.573199882319099,0.6348913210003,0.9975749897329431
CBASM,448,0.8698867339836923,0.7041409784241727,0.588290893717816,0.6462159360709943,0.9968817735973158
CBASM,449,0.8573279412169206,0.6973140914189188,0.5750446335265511,0.636179362472735,0.9968689491874293
CBASM,450,0.8690404531202818,0.6996059323612013,0.5922477621781198,0.6459268472696605,0.9979559779167175
CBASM,451,0.869655966758728,0.7043343170693046,0.5880102703445836,0.6461722937069441,0.9978747069835663
CBASM,452,0.8631613505514044,0.7050614419736361,0.5791869438008258,0.642124192887231,0.9980756750232295
CBASM,453,0.8647144076071287,0.7121845342611012,0.5837353985560568,0.647959966408579,0.998149396557557
CBASM,454,0.8736465604681718,0.7002540811112052,0.5833099139364142,0.6417819975238097,0.9937427341938019
CBASM,455,0.8698834651394894,0.7065415460812418,0.5846573851610485,0.6455994656211451,0.9978908645479303
CBASM,456,0.8683574591812334,0.704845047310779,0.5839837130747343,0.6444143801927567,0.9990200447408777
CBASM,457,0.8696406248368715,0.706237068301753,0.5843782471983057,0.6453076577500294,0.9983670382123244
CBASM,458,0.8620122420160394,0.7045535476584184,0.5781403207465222,0.6413469342024702,0.9978573400723306
CBASM,459,0.8596587275203905,0.7005397504881808,0.5700823892103998,0.6353110698492903,0.997399987358796
CBASM,460,0.8661922890889017,0.7008185590568342,0.5812976454433642,0.6410581022500992,0.998554926169546
CBASM,461,0.8738322399164501,0.7042523057837236,0.5910113108785529,0.6476318083311382,0.9985089913794869
CBASM,462,0.8732898000039553,0.7089181338485918,0.5894019995865069,0.6491600667175493,0.9983451570335188
CBASM,463,0.8610441872948095,0.7143309822208003,0.5797975345661766,0.6470642583934885,0.9984517505294398
CBASM,464,0.8628367765953666,0.7089438924663946,0.5778769270369881,0.6434104097516913,0.9987916915040267
CBASM,465,0.8667089327385551,0.7114753236896113,0.5848069990936079,0.6481411613916096,0.9988263955241755
CBASM,466,0.8680902562643352,0.7026696722758444,0.5766276481904482,0.6396486602331464,0.9985947875600112
CBASM,467,0.8678930762567019,0.7082783219061399,0.5833148626904738,0.6457965922983069,0.9989816373900363
CBASM,468,0.8672340465219397,0.7081557857362848,0.5792635647874129,0.6437096752618489,0.9973303801135013
CBASM,469,0.8599853923446253,0.7059653119037026,0.5714664372958635,0.6387158745997831,0.9932490540178198
CBASM,470,0.8653816235692877,0.6898722381968247,0.56573044940045,0.6278013437986374,0.9938885600943315
CBASM,471,0.8703248798847198,0.7072772728769403,0.585096211809861,0.6461867423434007,0.9979223828566702
CBASM,472,0.8701088820633135,0.714145480017913,0.5878679564124659,0.6510067182151895,0.9984091849703538
CBASM,473,0.8699428094060797,0.7006007009430936,0.5778599052052749,0.6392303030741842,0.9972693527999678
CBASM,474,0.8638518844780169,0.7043245701413405,0.5765561932011655,0.640440381671253,0.9945905569352602
CBASM,475,0.8528343219506113,0.7001690990046451,0.560374622282229,0.630271860643437,0.9954486536352258
CBASM,476,0.8709946227701086,0.7049317861858168,0.5839747990432539,0.6444532926145353,0.9975640114985014
CBASM,477,0.863821279061468,0.7130345153181177,0.5814062780455539,0.6472203966818357,0.9947019015487871
CBASM,478,0.876052012569026,0.6985544970161036,0.5841193818732312,0.6413369394446674,0.9979635712347532
CBASM,479,0.8790376703990134,0.7128551963128542,0.5970368259831479,0.654946011148001,0.9990838891581485
CBASM,480,0.8722523482222306,0.6913107680646997,0.5742478245183041,0.632779296291502,0.9970450903240003
CBASM,481,0.872541899743833,0.7135705822392514,0.597609962287702,0.6555902722634768,0.9842012759886289
CBASM,482,0.846560178618682,0.6928327867859289,0.557258812220473,0.6250457995032009,0.9911876650233018
CBASM,483,0.8701484250394922,0.7003949661003915,0.5821693100427326,0.6412821380715621,0.9943020610432876
CBASM,484,0.8624595670323623,0.7003240224562193,0.5688774977859697,0.6346007601210946,0.9975258409976959
CBASM,485,0.85689346257009,0.6918108353489324,0.5573812699631641,0.6245960526560482,0.9952032911150079
CBASM,486,0.8633235081246025,0.7185985775370347,0.5849814265966415,0.6517900020668381,0.9970199371639051
CBASM,487,0.8731023700613725,0.7030500377479353,0.5838756420110401,0.6434628398794877,0.9982794742835196
CBASM,488,0.865332443463175,0.7104559525063163,0.5784459616008558,0.6444509570535861,0.998973797810705
CBASM,489,0.8678261857283743,0.7108405028518877,0.5800999261830982,0.645470214517493,0.9984347459517027
CBASM,490,0.8755504394832411,0.7055774833026686,0.5866241109998602,0.6461007971512644,0.9987922342200029
CBASM,491,0.8797312174972735,0.6977300659606331,0.5836098178436882,0.6406699419021606,0.9981896359669534
CBASM,492,0.8684832516469454,0.7170031164821825,0.5859755528600592,0.6514893346711208,0.9986764584716997
CBASM,493,0.8691053908122214,0.690264852423417,0.566787600517273,0.628526226470345,0.9963574864362416
CBASM,494,0.8760305250945845,0.712688137041895,0.5922223988332247,0.6524552679375599,0.9979953907038036
CBASM,495,0.8596151565250597,0.6980421731346532,0.5639204931886572,0.6309813331616552,0.9969855311669802
CBASM,496,0.8681431240157077,0.7202716579562739,0.5883062983814039,0.6542889781688389,0.995936465890784
CBASM,497,0.8700948451694689,0.7157692909240723,0.586453262128328,0.6511112765262002,0.9948109764801828
CBASM,498,0.8734685245313143,0.717855265266017,0.5928599434463602,0.6553576043561886,0.9966808118318257
CBASM,499,0.8674678206443787,0.7027283279519332,0.576309649567855,0.6395189887598941,0.9973157048225403
CBASM,500,0.8685604224079534,0.6970698707982114,0.5762980768555089,0.6366839738268602,0.9985721409320831
CBASM,501,0.867215074990925,0.7097663848023665,0.5838431025806227,0.6468047436914945,0.9985231333657315
CBASM,502,0.8605535798951199,0.7092874944210052,0.5744049360877589,0.641846215254382,0.9972302929351204
CBASM,503,0.8708062407217527,0.7021146385293258,0.5804302943380255,0.6412724664336756,0.9982750133464211
CBASM,504,0.850619198460328,0.7178327535328112,0.5684900879859924,0.6431614207594019,0.9990877744398619
CBASM,505,0.8634207515340102,0.7106135848321413,0.5747534875807009,0.6426835362064212,0.9993317425251007
CBASM,506,0.8794124926391401,0.7112783679836675,0.5917409721173739,0.6515096700505207,0.9990201608130806
CBASM,507,0.8510957956314087,0.7102220670173043,0.5622764982675251,0.6362492826424146,0.998558947914525
CBASM,508,0.8564104751536721,0.7100090698191994,0.5669963493158943,0.6385027095675468,0.9991948165391621
CBASM,509,0.8759582544627943,0.7128894140845851,0.5910448651564749,0.65196713962053,0.9990575046915757
CBASM,510,0.8708377182483673,0.7043118916059795,0.5779741563295063,0.6411430239677429,0.997923532598897
CBASM,511,0.8725649322334089,0.705478139613804,0.5820307386548895,0.6437544391343468,0.9982819823842299
CBASM,512,0.8690892238365976,0.711616326319544,0.5808492444063488,0.6462327853629464,0.9990673300467039
CBASM,513,0.8671507851073617,0.7066702340778551,0.5740655268493452,0.6403678804636002,0.9986286273128108
CBASM,514,0.864109671429584,0.7179892251366063,0.5800439636958273,0.6490165944162168,0.9990411620391043
CBASM,515,0.8746702702421891,0.7100550108834317,0.5836626589298248,0.6468588349066282,0.9988646083756497
CBASM,516,0.8669301679259852,0.7110035325351515,0.5783962779923489,0.6446999052637502,0.9991583149684103
CBASM,517,0.8643200758256411,0.7121763919529162,0.5766688428427044,0.6444226173978103,0.9991839151633414
CBASM,518,0.8670517017966822,0.7114821107763993,0.5776443999064597,0.6445632553414296,0.99806620729597
CBASM,519,0.8685292946664911,0.7014144815896687,0.5725899683801752,0.6370022249849219,0.9970608337929374
CBASM,520,0.8699565278856378,0.7048482534132505,0.5767182284279874,0.6407832409206189,0.9981117719098141
CBASM,521,0.874997804039403,0.7103612501370279,0.5847686552687695,0.6475649527028987,0.9987418588839079
CBASM,522,0.8679824377361097,0.7054643615296012,0.5761149204091022,0.6407896409693516,0.9991764316433355
CBASM,523,0.870232492685318,0.7124385802369368,0.5845312256562082,0.6484849029465725,0.9991005659103394
CBASM,524,0.8575966860118666,0.7050411481606332,0.5638713836669922,0.6344562659138127,0.9974651681749445
CBASM,525,0.8662818152653543,0.7079363026117024,0.5738976566415084,0.6409169796266054,0.9984630361983651
CBASM,526,0.8728227756525341,0.7209155935990182,0.5922469810435647,0.6565812873212915,0.9991027210888109
CBASM,527,0.8700414801898756,0.707558694638704,0.578880521811937,0.6432196082253205,0.9984897186881617
CBASM,528,0.8651076680735538,0.7073960147405925,0.5739717122755552,0.6406838635080738,0.9986054050294977
CBASM,529,0.8692606969883567,0.7063958425270883,0.5782893519652518,0.64234259724617,0.9980163636960482
CBASM,530,0.880432012834047,0.718530901168522,0.5992773912454906,0.6589041462070063,0.999307582252904
CBASM,531,0.8718645007986772,0.7001662301389795,0.5750657774900135,0.6376160038144965,0.9976350618036169
CBASM,532,0.8718189973580209,0.7104825314722563,0.5835333842980234,0.6470079578851398,0.9982599443510959
CBASM,533,0.8617774483404661,0.7012303534306978,0.5678099558541649,0.6345201546424314,0.9984731376171112
CBASM,534,0.8720408787852839,0.7119710806169008,0.587639143592433,0.6498051121046668,0.9990869337006619
CBASM,535,0.8743566117788616,0.7071446070545598,0.5839023017569592,0.6455234544057595,0.9984333734763297
CBASM,536,0.8530354672356656,0.7001120197145563,0.5594601929187775,0.6297861063166669,0.9972961623417703
CBASM,537,0.8627718294921675,0.7062608458493885,0.5737498873158505,0.6400053665826195,0.9982301043836694
CBASM,538,0.8688425986390365,0.7069957711194691,0.576750060445384,0.6418729157824266,0.998045204501403
CBASM,539,0.8708011523673409,0.7040261469389263,0.5786648439733606,0.6413454954561435,0.9988845037786585
CBASM,540,0.8681556174629613,0.7174056439023269,0.5842450072890834,0.650825325595705,0.9992770897714716
CBASM,541,0.867160793982054,0.711251089447423,0.5775383585377744,0.6443947239925987,0.9990031185903048
CBASM,542,0.8735114539924421,0.7056338677280828,0.5830209804208655,0.6443274240744741,0.9989258741077623
CBASM,543,0.8654334466708334,0.7043630543508028,0.5718043297529221,0.6380836920518624,0.998587291491659
CBASM,544,0.8625960663745278,0.7150146412222009,0.5763458437041232,0.645680242463162,0.999015284212012
CBASM,545,0.8689015978261044,0.7086280960785715,0.5790390027196783,0.643833549399125,0.998820119782498
CBASM,546,0.8698388494943318,0.7089271796377081,0.5811335036629125,0.6450303416503103,0.9991215577251032
CBASM,547,0.8637519729764838,0.6994502105210957,0.5672804179944491,0.6333653142577724,0.9987712722075613
CBASM,548,0.8782807290554047,0.7101981059501046,0.5898733813511697,0.6500357436506372,0.9988546543999722
CBASM,549,0.8622579903979051,0.7058900641767603,0.5683389815844988,0.6371145228806295,0.99849355848212
CBASM,550,0.87478191287894,0.7159489110896462,0.5904236184923273,0.6531862647909867,0.9988832756092674
CBASM,551,0.8597827396894756,0.7054412804151836,0.566288057126497,0.6358646687708402,0.9983081848997819
CBASM,552,0.8702426678255984,0.7140350796674427,0.5832773305867848,0.6486562051271137,0.9986920372435921
CBASM,553,0.8738319497359427,0.7102728313521335,0.585191149460642,0.6477319904063877,0.9986717277451566
CBASM,554,0.8617964135973077,0.7028654829451912,0.567044522417219,0.6349550026812052,0.9989574818234694
CBASM,555,0.8685858626114694,0.6948062950058987,0.5660317210774672,0.6304190080416829,0.993040996162515
CBASM,556,0.862102420706498,0.7083522473510943,0.5691969653493479,0.6387746063502211,0.9976823894601119
CBASM,557,0.8705817288474033,0.7080267808939281,0.5788853152802116,0.6434560480870699,0.9988442141758768
CBASM,558,0.8704810785619836,0.716251054876729,0.5844662283596239,0.6503586416181765,0.9992190991577349
CBASM,559,0.8783924752160123,0.7047943441491378,0.5857881040949571,0.6452912241220474,0.9984244061143774
CBASM,560,0.8690521387677443,0.7121946764619727,0.5830111911422328,0.6476029338021028,0.9986699819564819
CBASM,561,0.8532093951576635,0.7077432290503853,0.5626816043728277,0.6352124167116064,0.9980537765904477
CBASM,562,0.8655827531689092,0.7089383868794692,0.5744762185372805,0.6417073027083748,0.9991146984853243
CBASM,563,0.8680913103254217,0.6953929945042259,0.5685418224648425,0.6319674084845341,0.9978961191679302
CBASM,564,0.875434569622341,0.7139601127097481,0.5898606588965968,0.6519103858031725,0.9991275072097778
CBASM,565,0.8712777118933829,0.7083015661490591,0.580660879611969,0.6444812228805141,0.9994664772560722
CBASM,566,0.8713734040134832,0.7104784563968056,0.5816099941730499,0.6460442252849278,0.9991351020963568
CBASM,567,0.8693497541703676,0.708585196419766,0.5776450037956238,0.6431151001076949,0.999219392475329
CBASM,568,0.8659240964211916,0.7140909417679435,0.5797710065778933,0.6469309741729183,0.9992761878590835
CBASM,569,0.8776120888559442,0.7041062116622925,0.5838408078017988,0.6439735097320456,0.9984821677207947
CBASM,570,0.8720811464284596,0.71057979684127,0.5829907875312003,0.6467852921862352,0.999396928046879
CBASM,571,0.8697002326187334,0.7202250502611461,0.5867115384653995,0.6534682943632728,0.9989806319537916
CBASM,572,0.8648070677330619,0.709634995774219,0.5757578125125483,0.6426964041433836,0.9976950068222848
CBASM,573,0.8527592420578003,0.6968505586448469,0.5617823224318655,0.6293164405383562,0.9946879964125784
CBASM,574,0.8463114217707985,0.7071691045635625,0.557463568292166,0.6323163364278643,0.9979682533364547
CBASM,575,0.8577290538110232,0.704080487552442,0.5653108083888104,0.6346956479706263,0.9987121600853769
CBASM,576,0.8706847711613304,0.7154243008086556,0.5863437009485144,0.650884000878585,0.9993451582758051
CBASM,577,0.8692868038227684,0.7166061997413635,0.5840847303992823,0.6503454650703229,0.9994663204017439
CBASM,578,0.8641141135441629,0.7085406639074024,0.5724034834849206,0.6404720736961615,0.9988018682128504
CBASM,579,0.8629253083153775,0.7071372882315987,0.5696743005200436,0.6384057943758212,0.9989325466908907
CBASM,580,0.8663361637215865,0.7128956537497672,0.5765662985412698,0.6447309761455184,0.9990702789080771
CBASM,581,0.8622242102497503,0.7104087064140722,0.5695249203004336,0.6399668133572529,0.9991413715638613
CBASM,582,0.8603803342894504,0.7099266271842154,0.5678600559109136,0.6388933415475645,0.9992293511566362
CBASM,583,0.876206918766624,0.7199289375229886,0.5922664090206748,0.6560976732718318,0.9992488450125644
CBASM,584,0.8681151317922693,0.7037818698506606,0.5724698305130005,0.6381258501818305,0.9991059475823453
CBASM,585,0.8675563366789567,0.7128133365982458,0.5792252986054671,0.6460193176018565,0.9989360743447354
CBASM,586,0.8712735254513589,0.7037923383085352,0.5767753406574851,0.6402838394830102,0.9989293170602698
CBASM,587,0.8604461785994078,0.704961757910879,0.5660629735181206,0.6355123657144999,0.9985639656844892
CBASM,588,0.854367207539709,0.7136360689213401,0.5666234257974123,0.6401297473593762,0.9990235394553134
CBASM,589,0.8672879542175093,0.7058238920412565,0.5732989985691873,0.6395614453052219,0.9990614589891935
CBASM,590,0.8722413119516874,0.7136762785284143,0.5835743170035513,0.6486252977659828,0.9992458334094599
CBASM,591,0.8741138828428168,0.7137154215260556,0.5870045674474615,0.6503599944867586,0.9994636664265081
CBASM,592,0.8614054839862021,0.7037523357491744,0.5652183811915549,0.6344853584703647,0.9989992850705197
CBASM,593,0.8614490800782254,0.7064147544534582,0.5670811949591887,0.6367479747063235,0.9988260096625278
CBASM,594,0.8636496067047119,0.7123125117076071,0.5736083451070284,0.6429604284073178,0.9986535985218851
CBASM,595,0.8686390189748061,0.7119300506616894,0.579472038306688,0.6457010444841886,0.99873695875469
CBASM,596,0.865993713077746,0.709706933874833,0.5767101770953128,0.6432085554850728,0.9988479143694827
CBASM,597,0.8656797958047766,0.7071848825404519,0.5736400955601743,0.6404124890503131,0.9988037724243967
CBASM,598,0.8626850639518938,0.7159545264746013,0.5766234037123228,0.646288965093462,0.9995538702136592
CBASM,599,0.8719655683166102,0.7074421550098219,0.5807064473628998,0.6440743011863608,0.9992895236140803
CBASM,600,0.8699476483621096,0.7155139461943978,0.5836015390722376,0.6495577426333177,0.9990208227383462
CBASM,601,0.8676256255099648,0.7102893387016497,0.5776091014084063,0.643949220055028,0.9992684470979791
CBASM,602,0.8678459132972517,0.7122908077741924,0.5799232235080317,0.6461070156411121,0.9991860624990965
CBASM,603,0.8570414436490912,0.7109659737662265,0.5681786019551126,0.6395722878606696,0.9991777460826071
CBASM,604,0.8702733187299025,0.7082900138277757,0.5804015170586737,0.6443457654432247,0.999001753957648
CBASM,605,0.865471844610415,0.7094728727089731,0.5754674955418235,0.6424701841253984,0.9992627093666478
CBASM,606,0.8728949600144437,0.7079597303741857,0.5826008178685841,0.6452802741213849,0.9990706961405905
CBASM,607,0.8722916104291615,0.7133383954826155,0.5849381355862868,0.6491382655344511,0.9994093320871654
CBASM,608,0.8715285266700544,0.7111012292535681,0.5819576680660248,0.6465294486597964,0.999058557184119
CBASM,609,0.865686214283893,0.7094887008792475,0.5739938663808923,0.64174128363007,0.9993607590073034
CBASM,610,0.8671204290891948,0.7108794372332724,0.5773424051309887,0.6441109211821305,0.9992270234384035
CBASM,611,0.8658204957058555,0.70805382414868,0.5742237105181343,0.6411387673334071,0.9992150240822842
CBASM,612,0.8738900548533389,0.7089990957787162,0.583247532970027,0.6461233143743716,0.9990940454759096
CBASM,613,0.8717501743843681,0.7101719253941586,0.581899428053906,0.6460356767240323,0.9994203809060549
CBASM,614,0.8640932127049095,0.7067730395417464,0.5722888065011877,0.6395309230214671,0.9990892833785007
CBASM,615,0.8620833080065878,0.7102473142899965,0.5704984343365619,0.6403728743132793,0.999158838861867
CBASM,616,0.8718731685688621,0.7117449531429693,0.5834193386529621,0.6475821458979657,0.9993100260433397
CBASM,617,0.8670600668380135,0.7089688025022808,0.5757070873913012,0.642337944946791,0.999136851022118
CBASM,618,0.8712106958815926,0.7110154424843035,0.5815242873994928,0.6462698649418981,0.9996026174018258
CBASM,619,0.8712615182525233,0.711805776545876,0.5823103126726652,0.6470580446092706,0.999466808218705
CBASM,620,0.875112213586506,0.7135852543931258,0.5877931682687056,0.6506892113309157,0.9992860006658655
CBASM,621,0.8758320275105929,0.7095307676415694,0.5844448749956331,0.6469878213186013,0.9993472585552617
CBASM,622,0.8747569965688806,0.7123019428629624,0.5866905733158714,0.6494962580894169,0.9993877222663478
CBASM,623,0.8626187177080857,0.7080026676780299,0.5697299100850758,0.6388662888815528,0.998932819617422
CBASM,624,0.8726278104280171,0.7144309564640647,0.5850194771038858,0.6497252167839753,0.9992161001029768
CBASM,625,0.8716470520747336,0.7104164440380899,0.5813217931672147,0.6458691186026523,0.9992970792870772
CBASM,626,0.8665632652608972,0.7094356292172482,0.5754910597675725,0.6424633444924104,0.9993010680926474
CBASM,627,0.8661875301285794,0.7118538257322813,0.5765763960386577,0.6442151108854695,0.9995089455654746
CBASM,628,0.8727405667304993,0.705814706651788,0.5806024796084354,0.6432085931301117,0.9989786242183886
CBASM,629,0.8729579731037742,0.7066102796479276,0.5802865985192751,0.6434484390836013,0.99929110941134
CBASM,630,0.8734959991354692,0.7115636467933655,0.5847185583491075,0.6481411025712365,0.9995861367175454
CBASM,631,0.8676169749937559,0.7084059589787534,0.5767962791417774,0.6426011190602654,0.9993641941170943
CBASM,632,0.8695194940817984,0.7092365512722417,0.5781854344041724,0.643710992838207,0.9988864628892196
CBASM,633,0.8619509511872342,0.7046839108592585,0.567406094387958,0.6360450026236082,0.9990108813110151
CBASM,634,0.8694474524573276,0.7072933488770535,0.5770021692702645,0.6421477590736591,0.9991733823951922
CBASM,635,0.8705330208728188,0.7111163358939322,0.5810444951057434,0.6460804154998379,0.9994553939292306
CBASM,636,0.8733151806028265,0.7126542580755133,0.5856130217251024,0.6491336399003078,0.9997022983274961
CBASM,637,0.8716993959326493,0.7071981084974188,0.579360798785561,0.6432794536414899,0.9991393293205061
CBASM,638,0.8741345452634912,0.7069957726880124,0.5828225879292739,0.6449091803086431,0.9989128002994939
CBASM,639,0.8710014208366996,0.7101026381316938,0.5805482362446032,0.6453254371881485,0.9994329025870875
CBASM,640,0.8680929321991769,0.7122665282927061,0.5782281842670942,0.6452473562799002,0.9994557750852484
CBASM,641,0.8715233834166276,0.7065597192237252,0.5785194400109743,0.6425395796173498,0.9993634255308854
CBASM,642,0.8701733523293546,0.7104444001850329,0.5795340349799708,0.6449892175825018,0.9993752397988972
CBASM,643,0.8705549694989857,0.7137934816511053,0.5814949258377677,0.6476442037444365,0.9993933345142164
CBASM,644,0.8700107336044312,0.7066373683904347,0.5773066988116816,0.6419720336010581,0.9994068412404311
CBASM,645,0.8678616159840634,0.7052498240219919,0.5740011867723966,0.6396255053971942,0.9991604121107804
CBASM,646,0.8721759397732584,0.7151062253274416,0.5854833471147638,0.6502947862211027,0.9994747544589796
CBASM,647,0.8728890073926825,0.7049023791363365,0.5785861721164302,0.6417442756263834,0.9994036900369745
CBASM,648,0.8709800541400909,0.7081473579532221,0.5794328576640079,0.643790107808615,0.9994509486775649
CBASM,649,0.8649503918070542,0.7081699198798129,0.571683257818222,0.6399265888490175,0.9990665457750622
CBASM,650,0.8667691459781245,0.7087998452939486,0.5752727577560827,0.6420363015250157,0.999409650501452
CBASM,651,0.8684970014973691,0.7096763410066304,0.5772408592073541,0.6434586001069922,0.9993342647427007
CBASM,652,0.8707070978064286,0.7041852834977602,0.5764214443533044,0.6403033639255323,0.9992259238895617
CBASM,653,0.8673162711294073,0.7100374463357424,0.5756441997854334,0.6428408230605879,0.9991900215023443
CBASM,654,0.8675904415155712,0.7095255632149545,0.5756918897754267,0.6426087264951906,0.9993138485833218
CBASM,655,0.8696667159858503,0.7103500852459356,0.5785451468668485,0.6444476160563921,0.999548508932716
CBASM,656,0.8668135357530493,0.7133608303572002,0.5773982248808208,0.6453795276190105,0.9991186825852645
CBASM,657,0.8670618463965023,0.7097082663984859,0.5752201711430269,0.6424642187707564,0.9993990835021523
