method,iteration,teacher_teacher,student_teacher_1,student_teacher_2,student_teacher_mean,student_ema,buffers_unchanged
AD-MT,50,0.8364839489385486,0.9133858621120453,0.9113335539028049,0.912359708007425,,True
AD-MT,150,0.9583653181791305,0.7652407673001289,0.7917347294092179,0.7784877483546734,,True
AD-MT,250,0.9767963874340058,0.7940702766180039,0.8101161834597588,0.8020932300388813,,True
AD-MT,350,0.971944484114647,0.8317207568883895,0.8643399959802628,0.8480303764343262,,True
AD-MT,450,0.9860497879981994,0.8612823206186294,0.8658279126882553,0.8635551166534424,,True
AD-MT,550,0.9913356804847717,0.8950193417072296,0.8949838128685951,0.8950015772879124,,True
AD-MT,650,0.991278510093689,0.934308779835701,0.9476258039474488,0.9409672918915749,,True
AD-MT,750,0.9926577240228653,0.9483841037750245,0.9568201106786728,0.9526021072268486,,True
AD-MT,850,0.9924404811859131,0.9518110918998718,0.9627990281581879,0.9573050600290298,,True
AD-MT,950,0.9930410438776016,0.9691101974248886,0.9740250128507614,0.971567605137825,,True
AD-MT,1050,0.9952105152606964,0.967841728925705,0.9710770589113236,0.9694593939185142,,True
AD-MT,1150,0.9952876371145248,0.9728879165649414,0.9723861628770828,0.9726370397210121,,True
AD-MT,1250,0.9972736871242524,0.9822212636470795,0.9834259486198426,0.982823606133461,,True
AD-MT,1350,0.9951865065097809,0.9839755380153656,0.984782863855362,0.9843792009353638,,True
AD-MT,1450,0.9965652173757553,0.9816235941648483,0.9841560912132263,0.9828898426890373,,True
AD-MT,1550,0.9975435519218445,0.985094758272171,0.9838797098398209,0.9844872340559959,,True
AD-MT,1650,0.996210339665413,0.9853338080644608,0.9843931025266648,0.9848634552955627,,True
AD-MT,1750,0.9984066092967987,0.9838015615940094,0.981421549320221,0.9826115554571152,,True
AD-MT,1850,0.9976011681556701,0.9862531638145446,0.987535103559494,0.9868941336870194,,True
AD-MT,1950,0.9984889560937882,0.9870810407400131,0.986585259437561,0.986833150088787,,True
AD-MT,2050,0.9984492594003678,0.9742835253477097,0.9756805729866028,0.9749820491671563,,True
AD-MT,2150,0.9971579718589783,0.983788496851921,0.9807180476188659,0.9822532722353935,,True
AD-MT,2250,0.9974871557950974,0.983994026184082,0.9827531033754349,0.9833735647797585,,True
AD-MT,2350,0.9978750944137573,0.9809134656190872,0.9812527865171432,0.9810831260681152,,True
AD-MT,2450,0.9969262313842774,0.9879932379722596,0.986383935213089,0.9871885865926743,,True
AD-MT,2550,0.9983259975910187,0.9880270063877106,0.9881890910863876,0.988108048737049,,True
AD-MT,2650,0.9983986860513687,0.9783326208591461,0.9793536055088043,0.9788431131839752,,True
AD-MT,2750,0.9986552542448044,0.9699040347337723,0.9707238966226578,0.970313965678215,,True
AD-MT,2850,0.9982187366485595,0.9627697944641114,0.9643534088134765,0.9635616016387939,,True
AD-MT,2950,0.9984766125679017,0.9557966989278793,0.9552981805801392,0.9555474397540092,,True
AD-MT,3050,0.9983296376466751,0.9840486890077591,0.9839455384016037,0.9839971137046813,,True
AD-MT,3150,0.9979531741142273,0.981981852054596,0.9789541757106781,0.980468013882637,,True
AD-MT,3250,0.998296144604683,0.984201917052269,0.9826986557245254,0.9834502863883973,,True
AD-MT,3350,0.9983154422044754,0.9787835502624511,0.9783007907867431,0.9785421705245971,,True
AD-MT,3450,0.9975339263677597,0.978297290802002,0.9788950753211975,0.9785961830615997,,True
AD-MT,3550,0.9984057199954987,0.9861119800806045,0.986495812535286,0.9863038963079452,,True
AD-MT,3650,0.9989198476076127,0.9841846060752869,0.9834983456134796,0.9838414758443832,,True
AD-MT,3750,0.9988570660352707,0.9871622347831726,0.9877463603019714,0.987454297542572,,True
AD-MT,3850,0.9990209710597991,0.9791981399059295,0.9802630931138993,0.9797306165099144,,True
AD-MT,3950,0.9987717765569687,0.9794068402051925,0.9804071474075318,0.9799069938063621,,True
AD-MT,4050,0.9987754845619201,0.987075281739235,0.9870014697313308,0.9870383757352829,,True
AD-MT,4150,0.9985651814937592,0.9806383496522904,0.9815081799030304,0.9810732647776603,,True
AD-MT,4250,0.9984185695648193,0.9684586477279663,0.9711508291959763,0.9698047384619712,,True
AD-MT,4350,0.9985700374841691,0.9731910765171051,0.9729795277118682,0.9730853021144867,,True
AD-MT,4450,0.9982389599084854,0.9854571700096131,0.9862293684482575,0.9858432692289353,,True
AD-MT,4550,0.9989108169078826,0.9733902817964554,0.9710837703943253,0.9722370260953903,,True
AD-MT,4650,0.9985457557439804,0.963805433511734,0.9644023531675339,0.964103893339634,,True
AD-MT,4750,0.9988871347904206,0.9799182480573654,0.9804549890756608,0.980186618566513,,True
AD-MT,4850,0.9977496778964996,0.9791991811990738,0.9778967303037643,0.9785479557514191,,True
AD-MT,4950,0.9991322410106659,0.9854119920730591,0.9856575280427933,0.9855347600579262,,True
AD-MT,5050,0.998535270690918,0.9860550153255463,0.9847909414768219,0.9854229784011841,,True
AD-MT,5150,0.9987877094745636,0.9845468991994858,0.9854224443435669,0.9849846717715264,,True
AD-MT,5250,0.9990259224176407,0.9867930567264557,0.9888968384265899,0.9878449475765229,,True
AD-MT,5350,0.9990120458602906,0.9745939511060715,0.9760318523645402,0.9753129017353058,,True
AD-MT,5450,0.9990148985385895,0.9689395254850388,0.9670957052707672,0.968017615377903,,True
AD-MT,5550,0.9989851605892182,0.9777682262659073,0.977099923491478,0.9774340748786926,,True
AD-MT,5650,0.997879940867424,0.9864835095405579,0.9866503596305847,0.9865669345855713,,True
AD-MT,5750,0.9990719842910767,0.9897363644838333,0.9905558025836945,0.9901460835337639,,True
AD-MT,5850,0.9993722295761108,0.9899874258041382,0.9898592489957809,0.9899233373999595,,True
AD-MT,5950,0.9991467094421387,0.984631604552269,0.9853109467029572,0.9849712756276131,,True
AD-MT,6050,0.9990463155508041,0.9890985262393951,0.9884151405096054,0.9887568333745003,,True
AD-MT,6150,0.9983375608921051,0.992466950416565,0.9910394740104675,0.9917532122135162,,True
AD-MT,6250,0.99916109085083,0.9892912697792053,0.9902660131454468,0.9897786414623261,,True
AD-MT,6350,0.998974324464798,0.99275710105896,0.9927665638923645,0.9927618324756622,,True
AD-MT,6450,0.9985245567560196,0.9872331964969635,0.9846026521921157,0.9859179243445396,,True
AD-MT,6550,0.9991171199083329,0.9884218716621399,0.9879827040433884,0.9882022878527641,,True
AD-MT,6650,0.9988810038566589,0.9809528684616089,0.9836839973926544,0.9823184329271316,,True
AD-MT,6750,0.9988310754299163,0.9927384388446808,0.9930827200412751,0.9929105794429779,,True
AD-MT,6850,0.9993278169631958,0.9872903579473495,0.985984525680542,0.9866374418139457,,True
AD-MT,6950,0.9991292583942414,0.9869822806119919,0.9867340576648712,0.9868581691384315,,True
AD-MT,7050,0.9990583044290543,0.9937960505485535,0.9944602209329605,0.994128135740757,,True
AD-MT,7150,0.9994525229930877,0.9898498892784119,0.9903110826015472,0.9900804859399795,,True
AD-MT,7250,0.9993761074543,0.9853697103261948,0.9847252017259598,0.9850474560260772,,True
AD-MT,7350,0.9988991582393646,0.9907940286397934,0.9906034624576568,0.9906987455487252,,True
AD-MT,7450,0.9990485823154449,0.9929270410537719,0.9935346913337707,0.9932308661937713,,True
AD-MT,7550,0.9989930683374405,0.9946274161338806,0.9946410781145096,0.9946342471241951,,True
AD-MT,7650,0.998828809261322,0.9865272617340088,0.9851501870155335,0.9858387243747712,,True
AD-MT,7750,0.9989181554317474,0.9869938176870346,0.9856236779689789,0.9863087478280067,,True
AD-MT,7850,0.9991507446765899,0.9904139107465744,0.9898242872953414,0.990119099020958,,True
AD-MT,7950,0.9989757561683654,0.9922756832838059,0.992026942372322,0.992151312828064,,True
AD-MT,8050,0.9992781382799149,0.9903683269023895,0.9916286969184875,0.9909985119104385,,True
AD-MT,8150,0.997643352150917,0.9935687077045441,0.9920548230409623,0.9928117653727532,,True
AD-MT,8250,0.9991889250278473,0.9925904238224029,0.9917995113134385,0.9921949675679207,,True
AD-MT,8350,0.9989721363782883,0.9736637771129608,0.9750217002630234,0.9743427386879921,,True
AD-MT,8450,0.9983546924591065,0.9574656075239182,0.9578361022472381,0.9576508548855781,,True
AD-MT,8550,0.998447573184967,0.976034808754921,0.9789085632562637,0.9774716860055923,,True
AD-MT,8650,0.9990254187583923,0.9901991987228393,0.988073855638504,0.9891365271806717,,True
AD-MT,8750,0.9993406748771667,0.9921891397237778,0.9916713625192642,0.991930251121521,,True
AD-MT,8850,0.9992358279228211,0.9950241070985794,0.9946921837329864,0.9948581454157829,,True
AD-MT,8950,0.9986581969261169,0.9941020792722702,0.9928184461593628,0.9934602627158164,,True
AD-MT,9050,0.9995596927404403,0.9955360424518586,0.9954607057571411,0.9954983741044998,,True
AD-MT,9150,0.9985526126623153,0.9935354924201966,0.9926080864667892,0.9930717894434928,,True
AD-MT,9250,0.9994772917032242,0.994462006688118,0.9938583981990814,0.9941602024435997,,True
AD-MT,9350,0.9992736679315567,0.9939440494775772,0.9930439007282257,0.9934939751029015,,True
AD-MT,9450,0.9990146863460541,0.989868569970131,0.9888337743282318,0.9893511721491813,,True
AD-MT,9550,0.999112720489502,0.9881994968652725,0.9889066231250763,0.9885530599951744,,True
AD-MT,9650,0.9990957283973694,0.9715510529279708,0.9749751383066178,0.9732630956172943,,True
AD-MT,9750,0.9992154175043106,0.9906570947170258,0.9900827205181122,0.9903699076175689,,True
AD-MT,9850,0.9989159029722213,0.9942518419027329,0.9942690062522889,0.9942604240775108,,True
AD-MT,9950,0.9989461445808411,0.995505006313324,0.9953549480438233,0.9954299771785736,,True
AD-MT,10050,0.9993050229549408,0.9876303333044052,0.9883890986442566,0.9880097159743308,,True
AD-MT,10150,0.9990066522359848,0.9897890931367874,0.9909088599681855,0.9903489765524864,,True
AD-MT,10250,0.999138150215149,0.9971119600534439,0.9960925579071045,0.9966022589802742,,True
AD-MT,10350,0.9991792625188828,0.9958882427215576,0.9958323127031327,0.9958602777123451,,True
AD-MT,10450,0.9995088642835617,0.992897013425827,0.9927719658613205,0.9928344896435738,,True
AD-MT,10550,0.9990052270889282,0.985951367020607,0.9852165454626083,0.9855839562416077,,True
AD-MT,10650,0.9991736596822739,0.9949739927053451,0.9956511050462723,0.9953125488758087,,True
AD-MT,10750,0.9994664841890335,0.9943328094482422,0.9943000131845474,0.9943164113163948,,True
AD-MT,10850,0.9993002897500992,0.9956119012832642,0.9957409632205964,0.9956764322519303,,True
AD-MT,10950,0.9987143748998641,0.9901857542991638,0.9898512488603592,0.9900185015797615,,True
AD-MT,11050,0.9989379143714905,0.9962953954935074,0.9964136898517608,0.9963545426726341,,True
AD-MT,11150,0.9991570860147476,0.9963113749027253,0.9958821284770966,0.9960967516899109,,True
AD-MT,11250,0.9993005585670471,0.9970741546154023,0.9971576541662216,0.9971159043908119,,True
AD-MT,11350,0.9993976765871048,0.9959758061170578,0.9967919510602951,0.9963838785886765,,True
AD-MT,11450,0.999522145986557,0.9968847960233689,0.997286097407341,0.9970854467153549,,True
AD-MT,11550,0.9995027154684066,0.994756435751915,0.9953093302249908,0.9950328829884529,,True
AD-MT,11650,0.9994532364606857,0.9971565526723861,0.9971225196123124,0.9971395361423493,,True
AD-MT,11750,0.9995301854610443,0.9960552138090134,0.996272257566452,0.9961637356877326,,True
AD-MT,11850,0.9994837313890457,0.9977652841806411,0.9973908913135529,0.997578087747097,,True
AD-MT,11950,0.9993256133794785,0.9972882467508316,0.997320004105568,0.9973041254281998,,True
AD-MT,12050,0.9995467185974121,0.9968179655075073,0.9968679070472717,0.9968429362773895,,True
AD-MT,12150,0.9993296843767167,0.995760315656662,0.9956942087411881,0.995727262198925,,True
AD-MT,12250,0.9996459978818893,0.9962887185811996,0.996505759358406,0.9963972389698028,,True
AD-MT,12350,0.9993856972455979,0.9962857300043106,0.996831676363945,0.9965587031841278,,True
AD-MT,12450,0.9994737720489502,0.9977991431951523,0.9977903306484223,0.9977947369217872,,True
AD-MT,12550,0.9990397143363953,0.9976370793581009,0.9977119994163514,0.9976745393872261,,True
AD-MT,12650,0.9996868997812272,0.9978796827793122,0.9980353003740311,0.9979574915766716,,True
AD-MT,12750,0.9995299899578094,0.998226660490036,0.9979946511983872,0.9981106558442115,,True
AD-MT,12850,0.9996754539012909,0.9973734962940216,0.9973780655860901,0.9973757809400559,,True
AD-MT,12950,0.9997331702709198,0.9960936135053635,0.996477102637291,0.9962853580713272,,True
AD-MT,13050,0.9996013855934143,0.9948279231786727,0.9956470698118209,0.9952374964952468,,True
AD-MT,13150,0.9995239400863647,0.9977953094244003,0.9976223582029342,0.9977088338136673,,True
AD-MT,13250,0.9994305616617203,0.9964813333749771,0.997426159977913,0.996953746676445,,True
AD-MT,13350,0.9995459163188934,0.9953580594062805,0.9948836743831635,0.995120866894722,,True
AD-MT,13450,0.9994668000936509,0.9949371987581253,0.9960374027490616,0.9954873007535935,,True
AD-MT,13550,0.9993185395002365,0.9947761911153793,0.9948198670148849,0.9947980290651321,,True
AD-MT,13650,0.9995671337842942,0.996616820693016,0.9968318718671799,0.996724346280098,,True
AD-MT,13750,0.9995920950174332,0.9969230967760087,0.9972808456420899,0.9971019712090492,,True
AD-MT,13850,0.999614046216011,0.9978166109323502,0.99806920170784,0.9979429063200951,,True
AD-MT,13950,0.9994650232791901,0.9904745572805405,0.9892963153123856,0.989885436296463,,True
AD-MT,14050,0.9990967977046966,0.9970747834444046,0.9956153726577759,0.9963450780510903,,True
AD-MT,14150,0.9988056463003159,0.9953546547889709,0.9958758026361465,0.9956152287125587,,True
AD-MT,14250,0.9987904345989227,0.996216492652893,0.9967957508563995,0.9965061217546463,,True
AD-MT,14350,0.9995449531078339,0.9968697518110275,0.9967894846200943,0.9968296182155609,,True
AD-MT,14450,0.9995351541042328,0.9975141894817352,0.9969693976640701,0.9972417935729027,,True
AD-MT,14550,0.9994753217697143,0.9962669986486435,0.9962755596637726,0.9962712791562081,,True
AD-MT,14650,0.9997206228971481,0.9976937419176102,0.9975977367162705,0.9976457393169403,,True
AD-MT,14750,0.999745038151741,0.9955911773443222,0.9957111769914627,0.9956511771678924,,True
AD-MT,14850,0.9990137845277787,0.9964428544044495,0.9959459561109543,0.9961944052577019,,True
AD-MT,14950,0.999694612622261,0.9975416612625122,0.9976813906431198,0.997611525952816,,True
AD-MT,15050,0.9996832704544067,0.9986552906036377,0.9982030755281448,0.9984291830658912,,True
AD-MT,15150,0.9996765238046647,0.99822301030159,0.9981211525201797,0.9981720814108849,,True
AD-MT,15250,0.999536349773407,0.9966044425964355,0.9965297847986221,0.9965671136975288,,True
AD-MT,15350,0.9995313513278962,0.9943055558204651,0.9944549328088761,0.9943802443146705,,True
AD-MT,15450,0.9996048575639724,0.9974132710695267,0.9975411880016327,0.9974772295355797,,True
AD-MT,15550,0.999628643989563,0.995464306473732,0.9954057687520981,0.9954350376129151,,True
AD-MT,15650,0.9996728253364563,0.9965830767154693,0.9965015769004821,0.9965423268079757,,True
AD-MT,15750,0.9996177977323533,0.997623673081398,0.9971082174777984,0.9973659452795982,,True
AD-MT,15850,0.9994960379600525,0.9973114317655564,0.996521515250206,0.9969164735078812,,True
AD-MT,15950,0.9995960229635239,0.9987821650505065,0.99811962723732,0.9984508961439132,,True
AD-MT,16050,0.9995480448007583,0.9970015889406204,0.9966685146093368,0.9968350517749787,,True
AD-MT,16150,0.999379101395607,0.9958507120609283,0.9961786043643951,0.9960146582126618,,True
AD-MT,16250,0.9993807232379913,0.9963480597734451,0.9966635191440583,0.9965057894587517,,True
AD-MT,16350,0.9992516213655471,0.9960899251699448,0.9959277039766312,0.9960088145732879,,True
AD-MT,16450,0.9995195269584656,0.9965207660198212,0.9959113478660584,0.9962160569429398,,True
AD-MT,16550,0.9995812177658081,0.9971685653924942,0.9968818992376327,0.9970252323150635,,True
AD-MT,16650,0.9992832505702972,0.997227988243103,0.9976541620492935,0.9974410751461983,,True
AD-MT,16750,0.9990953862667084,0.9970456796884537,0.9973937767744064,0.99721972823143,,True
AD-MT,16850,0.9995256453752518,0.997036594748497,0.9969147968292237,0.9969756957888604,,True
AD-MT,16950,0.9996764516830444,0.9973871594667435,0.9973067134618759,0.9973469364643097,,True
AD-MT,17050,0.9993490326404572,0.997009551525116,0.9964292126893998,0.9967193821072579,,True
AD-MT,17150,0.9993200033903122,0.9973987311124801,0.996809361577034,0.9971040463447571,,True
AD-MT,17250,0.9991951602697372,0.9974144035577774,0.9976731646060943,0.9975437840819359,,True
AD-MT,17350,0.9996870481967925,0.9984381848573685,0.9982484340667724,0.9983433094620705,,True
AD-MT,17450,0.9995720356702804,0.997163827419281,0.9977478885650635,0.9974558579921723,,True
AD-MT,17550,0.9996494084596634,0.995163539648056,0.9955737924575806,0.9953686660528183,,True
AD-MT,17650,0.9995866823196411,0.9986274045705795,0.9984275519847869,0.9985274782776833,,True
AD-MT,17750,0.9995964878797531,0.998425971865654,0.9983703470230103,0.9983981594443321,,True
AD-MT,17850,0.9995869135856629,0.9983553409576416,0.9978002363443375,0.9980777886509895,,True
AD-MT,17950,0.999354784488678,0.9982294636964798,0.9978440898656845,0.9980367767810822,,True
AD-MT,18050,0.9994423526525498,0.99851223051548,0.9986249136924744,0.9985685721039772,,True
AD-MT,18150,0.9995079028606415,0.9972083950042725,0.9976511704921722,0.9974297827482224,,True
AD-MT,18250,0.9995140999555587,0.9969342362880707,0.9972621965408325,0.9970982164144516,,True
AD-MT,18350,0.9996137255430222,0.9983007293939591,0.9980582213401794,0.9981794753670692,,True
AD-MT,18450,0.9994587069749832,0.9958444768190384,0.9947873944044113,0.9953159356117248,,True
AD-MT,18550,0.9985689973831177,0.9986212360858917,0.9987390142679214,0.9986801251769066,,True
AD-MT,18650,0.9995082694292069,0.9991267758607865,0.9987808281183242,0.9989538019895554,,True
AD-MT,18750,0.9990859234333038,0.9975165838003158,0.9977336555719376,0.9976251196861267,,True
AD-MT,18850,0.9994855082035065,0.987684137225151,0.9881655699014664,0.9879248535633087,,True
AD-MT,18950,0.9996436727046967,0.9983208751678467,0.9984299492835998,0.9983754122257232,,True
AD-MT,19050,0.9993811959028244,0.998705164194107,0.99863471865654,0.9986699414253235,,True
AD-MT,19150,0.9993713474273682,0.9992037957906723,0.9988022041320801,0.9990029999613762,,True
AD-MT,19250,0.9996593713760376,0.9992038017511368,0.9990756368637085,0.9991397193074226,,True
AD-MT,19350,0.9993619871139526,0.998084152340889,0.998585638999939,0.998334895670414,,True
AD-MT,19450,0.9996928715705872,0.9989642745256424,0.9990823912620544,0.9990233328938484,,True
AD-MT,19550,0.9993169111013412,0.9990457564592361,0.9984278345108032,0.9987367954850197,,True
AD-MT,19650,0.9993921732902527,0.9964840531349182,0.9959094154834748,0.9961967343091964,,True
AD-MT,19750,0.9993685692548752,0.9983398205041886,0.9978875398635865,0.9981136801838875,,True
AD-MT,19850,0.9993870764970779,0.9989147704839706,0.9986311906576156,0.9987729805707931,,True
AD-MT,19950,0.9991626542806625,0.9974943202733993,0.9976758360862732,0.9975850781798363,,True
AD-MT,20050,0.9996015495061874,0.997940519452095,0.9974734568595887,0.9977069881558418,,True
AD-MT,20150,0.9995096862316132,0.9984557169675827,0.9979793697595596,0.9982175433635712,,True
AD-MT,20250,0.99939173579216,0.9984664034843445,0.9984364175796508,0.9984514105319977,,True
AD-MT,20350,0.9991995793581009,0.9988825744390488,0.9987367928028107,0.9988096836209297,,True
AD-MT,20450,0.9994262111186981,0.9988056612014771,0.9988584995269776,0.9988320803642273,,True
AD-MT,20550,0.9996138137578964,0.9982851845026016,0.9981611347198487,0.9982231596112251,,True
AD-MT,20650,0.9996651130914688,0.9982535147666931,0.9983053565025329,0.9982794356346131,,True
AD-MT,20750,0.9996664941310882,0.9987525975704193,0.9985208880901336,0.9986367428302765,,True
AD-MT,20850,0.9994937497377395,0.9987803483009339,0.9987080335617066,0.9987441909313202,,True
AD-MT,20950,0.9996542483568192,0.9989464014768601,0.9989282929897308,0.9989373472332954,,True
AD-MT,21050,0.9997062569856644,0.9989134556055069,0.9988428950309753,0.9988781753182411,,True
AD-MT,21150,0.9990972620248795,0.9990461045503616,0.9990477985143662,0.9990469515323639,,True
AD-MT,21250,0.9995000755786896,0.9990174156427384,0.9990632808208466,0.9990403482317924,,True
AD-MT,21350,0.9996035027503968,0.9988168883323669,0.9991730374097824,0.9989949628710747,,True
AD-MT,21450,0.9996661752462387,0.998963178396225,0.9991991776227951,0.99908117800951,,True
AD-MT,21550,0.9995130896568298,0.9988871937990189,0.998648561835289,0.9987678778171539,,True
AD-MT,21650,0.9996577495336533,0.9992622655630111,0.9991650748252868,0.999213670194149,,True
AD-MT,21750,0.9993508273363113,0.9988377594947815,0.9989592427015305,0.9988985010981559,,True
AD-MT,21850,0.9995960915088653,0.9993440610170364,0.9993722629547119,0.9993581619858741,,True
AD-MT,21950,0.9995267844200134,0.9990839880704879,0.9991937291622162,0.9991388586163521,,True
AD-MT,22050,0.9995232689380645,0.9992882043123246,0.9993628185987472,0.9993255114555359,,True
AD-MT,22150,0.999553228020668,0.999049197435379,0.9990439456701279,0.9990465715527534,,True
AD-MT,22250,0.9996027499437332,0.9990477508306503,0.9989584457874298,0.9990030983090401,,True
AD-MT,22350,0.9996011477708816,0.9990277922153473,0.999104306101799,0.9990660491585731,,True
AD-MT,22450,0.9992912286520004,0.9982064938545228,0.9984383344650268,0.9983224141597747,,True
AD-MT,22550,0.9997143858671188,0.9995423775911331,0.9993263131380081,0.9994343453645707,,True
AD-MT,22650,0.9992979663610458,0.9991714978218078,0.999231259226799,0.9992013785243035,,True
AD-MT,22750,0.9991923052072526,0.9993006598949432,0.9993324130773544,0.9993165364861488,,True
AD-MT,22850,0.9994195699691772,0.999242194890976,0.9991957592964172,0.9992189770936966,,True
AD-MT,22950,0.9990451955795288,0.9995541560649872,0.9992572468519211,0.9994057014584541,,True
AD-MT,23050,0.9997315615415573,0.9995208477973938,0.9995831501483917,0.9995519989728927,,True
AD-MT,23150,0.9997199684381485,0.9993426644802094,0.9995282191038132,0.9994354417920113,,True
AD-MT,23250,0.9997147858142853,0.9991210389137268,0.9993470972776413,0.999234068095684,,True
AD-MT,23350,0.9997028106451035,0.9995551896095276,0.999420200586319,0.9994876950979232,,True
AD-MT,23450,0.9995969605445861,0.9995707452297211,0.9993399971723557,0.9994553712010383,,True
AD-MT,23550,0.9995836806297302,0.999485969543457,0.999604360461235,0.999545165002346,,True
AD-MT,23650,0.9994649815559388,0.9991502863168716,0.9996708703041076,0.9994105783104896,,True
AD-MT,23750,0.9996173739433288,0.9992795592546463,0.9995672887563706,0.9994234240055084,,True
AD-MT,23850,0.9995787334442139,0.999645614027977,0.9994761490821839,0.9995608815550804,,True
AD-MT,23950,0.9996550738811493,0.9995789390802383,0.999406019449234,0.9994924792647362,,True
AD-MT,24050,0.9993180340528488,0.9996109914779663,0.9994269800186157,0.999518985748291,,True
AD-MT,24150,0.9994403487443924,0.9995845746994019,0.9995266604423523,0.9995556175708771,,True
AD-MT,24250,0.9994374698400498,0.9996877723932266,0.9992787206172943,0.9994832465052604,,True
AD-MT,24350,0.9995071041584015,0.9995393997430801,0.9993549662828446,0.9994471830129623,,True
AD-MT,24450,0.9991161739826202,0.9996676993370056,0.999473397731781,0.9995705485343933,,True
AD-MT,24550,0.9990311777591705,0.9995959883928299,0.9996303105354309,0.9996131494641304,,True
AD-MT,24650,0.9997124350070954,0.999556359052658,0.9996666020154953,0.9996114805340767,,True
AD-MT,24750,0.999755642414093,0.9996381980180741,0.9997418677806854,0.9996900328993797,,True
AD-MT,24850,0.9996133035421372,0.9996212601661683,0.9996733069419861,0.9996472835540772,,True
AD-MT,24950,0.9995997565984726,0.9995251989364624,0.9997615277767181,0.9996433633565903,,True
CBASM,50,0.42288500532507894,0.38511035025119783,0.4104801318049431,0.39779524102807046,0.9851020091772079,True
CBASM,150,0.45217408522963526,0.37884187921881673,0.33566398307681083,0.3572529311478138,0.8256498122215271,True
CBASM,250,0.39177016630768774,0.38348440289497376,0.3707726207375526,0.3771285118162632,0.8710039582848549,True
CBASM,350,0.5112260526418686,0.41819274991750716,0.36927197605371476,0.393732362985611,0.9055182868242264,True
CBASM,450,0.518274482190609,0.40605796217918394,0.3492755790054798,0.3776667705923319,0.9300793600082398,True
CBASM,550,0.5343701827526093,0.4237324374914169,0.3741452294588089,0.39893883347511294,0.9613629412651062,True
CBASM,650,0.5680862316489219,0.44053432494401934,0.3714598652720451,0.4059970951080322,0.9716682648658752,True
CBASM,750,0.5979067587852478,0.4677050030231476,0.414593887925148,0.4411494454741478,0.9744059699773788,True
CBASM,850,0.6165427935123443,0.4795093780755997,0.3904455932974815,0.4349774856865406,0.9789640241861344,True
CBASM,950,0.647778360247612,0.4990367564558983,0.39368020206689835,0.4463584792613983,0.9827053046226502,True
CBASM,1050,0.6369972407817841,0.5045448970794678,0.3872584390640259,0.4459016680717468,0.9866559451818466,True
CBASM,1150,0.6454624754190444,0.5143229442834855,0.4114255267381668,0.4628742355108261,0.9836121165752411,True
CBASM,1250,0.6520922869443894,0.5207879200577736,0.41282341778278353,0.4668056689202785,0.9892669957876206,True
CBASM,1350,0.6594893211126327,0.5260056126117706,0.4127745732665062,0.4693900929391384,0.9901826477050781,True
CBASM,1450,0.6672980225086212,0.5486992353200912,0.42595187097787857,0.4873255531489849,0.9845197236537934,True
CBASM,1550,0.679463015794754,0.5615918359160423,0.4184574794769287,0.4900246576964855,0.9891211760044097,True
CBASM,1650,0.6990733295679092,0.5524703589081764,0.4233483853936195,0.48790937215089797,0.986542581319809,True
CBASM,1750,0.6995231288671494,0.5608283159136772,0.4339006996154785,0.49736450776457786,0.9876657664775849,True
CBASM,1850,0.7044425147771836,0.5528968322277069,0.42782235115766526,0.49035959169268606,0.9886282277107239,True
CBASM,1950,0.7121223652362824,0.5398872756958008,0.4235984033346176,0.4817428395152092,0.980199345946312,True
CBASM,2050,0.714026529788971,0.5790944164991378,0.4499442395567894,0.5145193280279636,0.9871940952539444,True
CBASM,2150,0.7223404574394227,0.5724433976411819,0.4436478462815285,0.5080456219613552,0.9830102211236954,True
CBASM,2250,0.737420083284378,0.5934371519088745,0.46884870558977126,0.5311429287493229,0.9841506141424179,True
CBASM,2350,0.7285286688804626,0.5860687094926834,0.44715012818574906,0.5166094188392162,0.9883726233243942,True
CBASM,2450,0.7264579439163208,0.5895805168151855,0.4505657196044922,0.5200731182098388,0.9841126191616059,True
CBASM,2550,0.7488943743705749,0.5963593250513077,0.47056786447763443,0.533463594764471,0.9925468373298645,True
CBASM,2650,0.7456654518842697,0.622322681248188,0.47856590926647186,0.55044429525733,0.9905960243940354,True
CBASM,2750,0.7520484465360642,0.6028977239131927,0.47251241743564604,0.5377050706744194,0.9845185893774032,True
CBASM,2850,0.7531590747833252,0.6139244738221169,0.4759536895155907,0.5449390816688537,0.9854457902908326,True
CBASM,2950,0.7523132061958313,0.608344376385212,0.47942315876483915,0.5438837675750255,0.9849330657720565,True
CBASM,3050,0.7536395281553269,0.6373883235454559,0.47507831066846845,0.5562333171069622,0.9847831881046295,True
CBASM,3150,0.7653159528970719,0.6276479285955429,0.4827352425456047,0.5551915855705738,0.9745930081605911,True
CBASM,3250,0.7575865143537521,0.6045623326301575,0.4707526025176048,0.5376574675738811,0.980518501996994,True
CBASM,3350,0.7714871656894684,0.6141418838500976,0.4759937596321106,0.5450678217411041,0.9687054687738419,True
CBASM,3450,0.7601656407117844,0.6143037009239197,0.47854511201381683,0.5464244064688683,0.9731580376625061,True
CBASM,3550,0.7597898733615875,0.6357239791750908,0.4821959662437439,0.5589599727094173,0.9810906666517257,True
CBASM,3650,0.7670251846313476,0.6238760527968407,0.47522495180368424,0.5495505023002625,0.9782394105196,True
CBASM,3750,0.7667967659235001,0.6504818326234818,0.4892300048470497,0.5698559187352658,0.9854244709014892,True
CBASM,3850,0.7766330081224442,0.6161482647061348,0.4775770044326782,0.5468626345694065,0.9705807667970657,True
CBASM,3950,0.7850309252738953,0.6393704319000244,0.5063288015127182,0.5728496167063714,0.9863512110710144,True
CBASM,4050,0.7694078415632248,0.6319361922144889,0.49261763602495195,0.5622769141197205,0.9779819995164871,True
CBASM,4150,0.768947085738182,0.6328172329068183,0.4981591734290123,0.5654882031679154,0.9777007734775544,True
CBASM,4250,0.7300247442722321,0.6378231430053711,0.4833421689271927,0.5605826559662819,0.9349628633260727,True
CBASM,4350,0.7573047518730164,0.620932237803936,0.5105745249986648,0.5657533814013004,0.961066324710846,True
CBASM,4450,0.7430537778139115,0.6438014551997184,0.48289175242185595,0.5633466038107872,0.9430955880880356,True
CBASM,4550,0.7710531461238861,0.623393424153328,0.5085205590724945,0.5659569916129112,0.9692971324920654,True
CBASM,4650,0.7901567894220353,0.6504377418756485,0.5100533413887024,0.5802455416321755,0.9848580813407898,True
CBASM,4750,0.796757692694664,0.6556239652633667,0.5281433472037316,0.5918836562335491,0.9886523896455764,True
CBASM,4850,0.7957842636108399,0.666042760014534,0.5330810508131981,0.599561905413866,0.9914274197816849,True
CBASM,4950,0.8095661091804505,0.6569944190979004,0.5403127834200859,0.5986536012589931,0.9935838335752487,True
CBASM,5050,0.8042909008264542,0.65354243516922,0.5283062261343002,0.5909243306517601,0.9913197946548462,True
CBASM,5150,0.7976147562265397,0.6684749686717987,0.5308132201433182,0.5996440944075584,0.9922727590799332,True
CBASM,5250,0.7849194383621216,0.6568750369548798,0.510890842974186,0.5838829399645329,0.9798976671695709,True
CBASM,5350,0.8041890591382981,0.6613122898340226,0.528139126598835,0.5947257082164288,0.9914363080263138,True
CBASM,5450,0.8026676499843597,0.6655126589536667,0.5422498455643654,0.603881252259016,0.9893018805980682,True
CBASM,5550,0.7994654369354248,0.6736942985653878,0.5377916732430458,0.6057429859042167,0.9752032208442688,True
CBASM,5650,0.7895500975847244,0.6368765267729759,0.536192062497139,0.5865342946350575,0.964488028883934,True
CBASM,5750,0.6997475802898407,0.5525029516220092,0.5262898072600365,0.5393963794410229,0.977548913359642,True
CBASM,5850,0.7853629058599472,0.6639680576324463,0.5571856147050858,0.610576836168766,0.99397589802742,True
CBASM,5950,0.7923813539743424,0.6553066784143448,0.549744057059288,0.6025253677368164,0.993804063796997,True
CBASM,6050,0.8228998893499374,0.6613038805127144,0.5531508874893188,0.6072273840010166,0.9841496008634567,True
CBASM,6150,0.8322809982299805,0.6822636872529984,0.5659765669703484,0.6241201271116733,0.9868385273218155,True
CBASM,6250,0.8273381799459457,0.687300141453743,0.5550806030631066,0.6211903722584248,0.9908154875040054,True
CBASM,6350,0.8359838509559632,0.6876515120267868,0.5607630780339241,0.6242072950303554,0.9929195010662079,True
CBASM,6450,0.841423054933548,0.6811914408206939,0.5688030749559403,0.6249972578883171,0.9913024020195007,True
CBASM,6550,0.8334072291851043,0.6879326641559601,0.5713077598810196,0.6296202120184898,0.9896338874101639,True
CBASM,6650,0.8342988389730454,0.6672524923086166,0.5613403770327569,0.6142964346706867,0.9867903751134872,True
CBASM,6750,0.8104911518096923,0.6703611952066422,0.5363581165671348,0.6033596558868886,0.9869064974784851,True
CBASM,6850,0.8326938682794571,0.6708724430203438,0.5625862812995911,0.6167293621599674,0.9839493483304977,True
CBASM,6950,0.8222782069444656,0.6865162938833237,0.5670232629776001,0.6267697784304619,0.9903089231252671,True
CBASM,7050,0.822495014667511,0.674525055885315,0.5565349262952805,0.6155299910902977,0.9889030194282532,True
CBASM,7150,0.8204956007003784,0.6891303539276123,0.5584841340780258,0.6238072440028191,0.9942181718349457,True
CBASM,7250,0.8379920321702957,0.6847714346647262,0.5691192749142647,0.6269453547894954,0.9905844396352768,True
CBASM,7350,0.8391695153713227,0.6844581413269043,0.5817015582323074,0.6330798497796059,0.9905484026670456,True
CBASM,7450,0.8125635939836502,0.6763201999664307,0.5477136808633805,0.6120169404149055,0.9928308969736099,True
CBASM,7550,0.8408468067646027,0.6777481871843338,0.5725992673635483,0.625173727273941,0.9908234030008316,True
CBASM,7650,0.8330605071783066,0.6846685886383057,0.56628910779953,0.6254788482189179,0.9951452255249024,True
CBASM,7750,0.8355532467365265,0.6863584667444229,0.5663245931267739,0.6263415299355983,0.9943951147794724,True
CBASM,7850,0.8416824954748153,0.6795715135335922,0.5699661183357239,0.624768815934658,0.9923850923776627,True
CBASM,7950,0.8354284173250198,0.6821585553884506,0.5612329405546188,0.6216957479715347,0.9801988130807877,True
CBASM,8050,0.8323939019441604,0.687320476770401,0.5571465885639191,0.6222335326671601,0.9928004169464111,True
CBASM,8150,0.8501379674673081,0.6963452845811844,0.580954872071743,0.6386500783264637,0.9916274899244308,True
CBASM,8250,0.8385055428743362,0.6904411840438843,0.5706522977352142,0.6305467408895492,0.9942075216770172,True
CBASM,8350,0.8298874455690384,0.6839307475090027,0.5571500620245934,0.6205404047667981,0.9913736629486084,True
CBASM,8450,0.8448136645555496,0.7042288589477539,0.5788979196548462,0.6415633893013001,0.9932301890850067,True
CBASM,8550,0.8334337019920349,0.6812334561347961,0.5609273490309715,0.6210804025828839,0.9920333033800125,True
CBASM,8650,0.8358865147829055,0.6632560390233994,0.5588457515835762,0.6110508953034878,0.9802983140945435,True
CBASM,8750,0.8535369729995728,0.7012855958938599,0.582945958673954,0.6421157772839069,0.9933064150810241,True
CBASM,8850,0.8499881911277771,0.6953474885225296,0.573747466802597,0.6345474776625634,0.994239119887352,True
CBASM,8950,0.8553824561834336,0.6852690637111664,0.5753629338741303,0.6303159987926483,0.9868086391687393,True
CBASM,9050,0.8429788756370544,0.6976843100786209,0.5692093709111213,0.6334468404948711,0.9932294458150863,True
CBASM,9150,0.8569147843122482,0.6950605905056,0.5842100960016251,0.6396353432536125,0.9944907474517822,True
CBASM,9250,0.8494779688119888,0.6887921875715256,0.5764841669797898,0.6326381772756576,0.9940671294927597,True
CBASM,9350,0.8362211620807648,0.6928410023450852,0.5683473238348961,0.6305941630899906,0.993094562292099,True
CBASM,9450,0.8570949131250382,0.6938091975450515,0.576250264942646,0.6350297312438488,0.9962912547588348,True
CBASM,9550,0.8533518290519715,0.6907440227270126,0.5762646558880806,0.6335043393075466,0.9950850838422776,True
CBASM,9650,0.8595828485488891,0.6942519181966782,0.5758865776658059,0.635069247931242,0.9965433764457703,True
CBASM,9750,0.8655993139743805,0.7018354034423828,0.5902514615654946,0.6460434325039387,0.9950043416023254,True
CBASM,9850,0.8554254043102264,0.680264852643013,0.5640122991800308,0.6221385759115219,0.9935829025506974,True
CBASM,9950,0.8529344475269318,0.6935888934135437,0.5676934894919395,0.6306411914527417,0.9946712410449982,True
CBASM,10050,0.8489547830820083,0.6970341145992279,0.5724381595849991,0.6347361370921135,0.9948364490270615,True
CBASM,10150,0.8612917345762253,0.686897457242012,0.5767046478390694,0.6318010525405406,0.9962465667724609,True
CBASM,10250,0.8575344890356064,0.6963490414619445,0.5841979455947875,0.640273493528366,0.9946399623155594,True
CBASM,10350,0.848569523692131,0.6929230260848999,0.5740214690566063,0.633472247570753,0.9947041970491409,True
CBASM,10450,0.8327701491117477,0.6955761694908142,0.5615435862541198,0.628559877872467,0.9910459393262863,True
CBASM,10550,0.8558868211507797,0.6905057036876678,0.5805554211139679,0.6355305624008178,0.9936308926343917,True
CBASM,10650,0.8479451364278794,0.6916916769742966,0.5698596784472465,0.6307756777107716,0.9937602531909943,True
CBASM,10750,0.8577694797515869,0.6927439987659454,0.5717073485255242,0.6322256736457348,0.9940896552801132,True
CBASM,10850,0.8611405181884766,0.6930870252847672,0.5767570391297341,0.6349220322072506,0.9956338393688202,True
CBASM,10950,0.8606399989128113,0.6956593769788743,0.5790446186065674,0.6373519977927208,0.9951585811376572,True
CBASM,11050,0.8500294184684754,0.691563504934311,0.5650772798061371,0.628320392370224,0.9953355997800827,True
CBASM,11150,0.8605248075723648,0.6977735209465027,0.5815033477544784,0.6396384343504906,0.9961158591508865,True
CBASM,11250,0.8540960043668747,0.6930101352930069,0.5727340093255043,0.6328720723092556,0.996663802266121,True
CBASM,11350,0.867666602730751,0.6914350020885468,0.5847365567088127,0.6380857793986797,0.9894308096170426,True
CBASM,11450,0.8570751821994782,0.6866818869113922,0.5683598580956459,0.6275208725035191,0.9912864422798157,True
CBASM,11550,0.8680427831411361,0.6935974025726318,0.5832548108696938,0.6384261067211628,0.9926562172174453,True
CBASM,11650,0.8581198716163635,0.6883248680830002,0.5701888453960419,0.629256856739521,0.9927119535207748,True
CBASM,11750,0.8608584636449814,0.6964904415607452,0.5753247681260109,0.635907604843378,0.9965826141834259,True
CBASM,11850,0.8555294352769852,0.6901850706338882,0.5668250513076782,0.6285050609707832,0.9970792412757874,True
CBASM,11950,0.8610819172859192,0.6958542293310166,0.5750006577372551,0.6354274435341358,0.9951868188381195,True
CBASM,12050,0.8681611114740372,0.6972595590353012,0.5863459086418152,0.6418027338385582,0.9979294258356094,True
CBASM,12150,0.8642571693658829,0.7010902500152588,0.5783591651916504,0.6397247076034546,0.9972148096561432,True
CBASM,12250,0.8650753331184388,0.6999202167987824,0.5756648850440979,0.6377925509214402,0.996206049323082,True
CBASM,12350,0.8666748207807541,0.6950204306840897,0.5765150335431098,0.6357677321135998,0.9966522562503815,True
CBASM,12450,0.864626162648201,0.7019346952438354,0.5824544072151184,0.6421945512294769,0.9970272290706634,True
CBASM,12550,0.8673356896638871,0.7037459033727645,0.5850502103567123,0.6443980568647385,0.9962023895978928,True
CBASM,12650,0.86191231071949,0.7054947257041931,0.5788219699263573,0.6421583478152751,0.9964087677001953,True
CBASM,12750,0.8653772765398026,0.7043977165222168,0.5879670429229736,0.6461823797225952,0.9977515017986298,True
CBASM,12850,0.858647330403328,0.7056493735313416,0.5729926204681397,0.6393209969997407,0.9966942471265793,True
CBASM,12950,0.8569456642866135,0.6975033056735992,0.5671613636612892,0.6323323346674442,0.9961333602666855,True
CBASM,13050,0.8598419880867004,0.6962520605325699,0.5694444870948792,0.6328482738137245,0.9968943321704864,True
CBASM,13150,0.8617639380693436,0.7034857821464539,0.5782003235816956,0.6408430528640747,0.9948626631498336,True
CBASM,13250,0.803578372001648,0.691758713722229,0.5470741033554077,0.6194164085388184,0.9959305053949357,True
CBASM,13350,0.8467715549468994,0.6980777370929718,0.5657084819674492,0.6318931095302105,0.9970292168855667,True
CBASM,13450,0.7997220873832702,0.7066631317138672,0.5388006663322449,0.622731899023056,0.9972630631923676,True
CBASM,13550,0.8628769505023957,0.6905231487751007,0.5817624917626381,0.6361428202688694,0.9944793558120728,True
CBASM,13650,0.8425713741779327,0.6996543258428574,0.5623687258362771,0.6310115258395672,0.9963326114416122,True
CBASM,13750,0.8689768528938293,0.7058852887153626,0.5908008089661598,0.6483430488407612,0.9974053406715393,True
CBASM,13850,0.8551595652103424,0.6969773524999618,0.5660951843857766,0.6315362684428691,0.9966380375623703,True
CBASM,13950,0.8702478557825089,0.7012740755081177,0.5841079157590866,0.6426909956336021,0.9975011986494065,True
CBASM,14050,0.8621557855606079,0.7047238731384278,0.5768786847591401,0.6408012789487839,0.9980018723011017,True
CBASM,14150,0.8657498347759247,0.7051631778478622,0.5786060231924057,0.641884600520134,0.9962807047367096,True
CBASM,14250,0.8681053179502487,0.7011590111255646,0.5797052007913589,0.6404321059584618,0.9965504366159439,True
CBASM,14350,0.8623872542381287,0.6966041767597199,0.5679702532291412,0.6322872149944305,0.9962948578596115,True
CBASM,14450,0.8659367215633392,0.701796640753746,0.5802104866504669,0.6410035637021064,0.9959189909696579,True
CBASM,14550,0.865014193058014,0.6995669913291931,0.5752078625559807,0.6373874269425869,0.9956226646900177,True
CBASM,14650,0.8628683006763458,0.7022475492954254,0.5758117344975472,0.6390296418964863,0.9975383281707764,True
CBASM,14750,0.864479820728302,0.7002215504646301,0.5767503723502159,0.638485961407423,0.9976833200454712,True
CBASM,14850,0.8697786039113998,0.7065287137031555,0.5858168640732765,0.646172788888216,0.9982834947109223,True
CBASM,14950,0.8639382129907608,0.6972021824121475,0.5747467383742333,0.6359744603931904,0.9956744205951691,True
CBASM,15050,0.8699181300401687,0.7045007228851319,0.5843163529038429,0.6444085378944874,0.9983185374736786,True
CBASM,15150,0.8622976410388946,0.6994112169742585,0.5750432640314103,0.6372272405028343,0.9960347133874893,True
CBASM,15250,0.868804098367691,0.709365667104721,0.5914469820261001,0.6504063245654106,0.9963888883590698,True
CBASM,15350,0.859153910279274,0.7026569682359696,0.5714930146932602,0.6370749914646149,0.9972534829378128,True
CBASM,15450,0.8627622413635254,0.7050079554319382,0.5829181614518165,0.6439630584418774,0.9957640814781189,True
CBASM,15550,0.86361163854599,0.7015683990716934,0.5813228285312653,0.6414456138014794,0.9959263849258423,True
CBASM,15650,0.8603982925415039,0.6977086764574051,0.5679525566101075,0.6328306165337563,0.9957790350914002,True
CBASM,15750,0.8632099664211274,0.6947570991516113,0.5685247087478638,0.6316409039497376,0.9953086370229721,True
CBASM,15850,0.8619930809736251,0.7027227222919464,0.5762930566072464,0.6395078894495964,0.9962139445543289,True
CBASM,15950,0.8708240240812302,0.7017414039373397,0.5871151971817017,0.6444283005595207,0.9953375947475434,True
CBASM,16050,0.8563171595335006,0.7009211844205856,0.5717347913980484,0.636327987909317,0.9942707997560501,True
CBASM,16150,0.8641632437705994,0.7082776838541031,0.5836542603373528,0.6459659720957279,0.9982642012834549,True
CBASM,16250,0.8678613382577897,0.708299680352211,0.5884980916976928,0.6483988860249519,0.9982170695066452,True
CBASM,16350,0.8628230541944504,0.7037586450576783,0.5807382306456566,0.6422484378516674,0.99817269384861,True
CBASM,16450,0.8584201234579086,0.7035691112279892,0.574384291768074,0.6389767014980317,0.9977182984352112,True
CBASM,16550,0.863647118806839,0.7028698259592057,0.5806142169237137,0.6417420214414596,0.9970012867450714,True
CBASM,16650,0.8684469538927079,0.7027958410978318,0.5832185715436935,0.6430072063207626,0.9970618104934692,True
CBASM,16750,0.8644812786579132,0.7014574491977692,0.579078429043293,0.640267939120531,0.9976852238178253,True
CBASM,16850,0.8654870009422302,0.7008520704507828,0.5812018680572509,0.6410269692540169,0.996274511218071,True
CBASM,16950,0.8482007408142089,0.6875052791833878,0.5731303906440735,0.6303178349137306,0.9969967406988144,True
CBASM,17050,0.8637442994117737,0.7000456023216247,0.5811933469772339,0.6406194746494294,0.9971273392438889,True
CBASM,17150,0.8676097667217255,0.7003751683235169,0.585507319867611,0.6429412440955639,0.9979091501235962,True
CBASM,17250,0.8672218573093414,0.7074122554063798,0.5826551508903504,0.6450337031483651,0.9963618242740631,True
CBASM,17350,0.8699642646312714,0.7057914757728576,0.585220987200737,0.6455062314867973,0.9985570257902145,True
CBASM,17450,0.8621568346023559,0.7040385431051255,0.5765159600973129,0.6402772516012192,0.9978794759511947,True
CBASM,17550,0.8724605888128281,0.7055654507875443,0.5891508722305298,0.647358161509037,0.9984963697195053,True
CBASM,17650,0.8634027051925659,0.7116449862718582,0.5808530682325364,0.6462490272521972,0.99866907954216,True
CBASM,17750,0.867375208735466,0.7057933652400971,0.579316514134407,0.6425549396872521,0.9987619823217392,True
CBASM,17850,0.86379667699337,0.699770365357399,0.5708676722645759,0.6353190188109875,0.9942535877227783,True
CBASM,17950,0.8702333611249924,0.7082416915893555,0.5843305039405823,0.6462860977649689,0.9978590130805969,True
CBASM,18050,0.8623017680644989,0.7036370462179184,0.5738380742073059,0.6387375602126122,0.9957448202371597,True
CBASM,18150,0.8689882612228393,0.7049059760570526,0.5809713718295098,0.6429386739432812,0.9965484642982483,True
CBASM,18250,0.8781499063968659,0.7094990563392639,0.5947120666503907,0.6521055614948272,0.9954673486948014,True
CBASM,18350,0.859172307252884,0.6949605530500412,0.5695208927989006,0.6322407229244709,0.9913299572467804,True
CBASM,18450,0.8590792149305344,0.7031481128931045,0.5677882826328278,0.6354681977629661,0.9963808280229568,True
CBASM,18550,0.869841365814209,0.7078418022394181,0.5824668788909912,0.6451543405652046,0.9986695551872253,True
CBASM,18650,0.874933710694313,0.703935319185257,0.5836446410417557,0.6437899801135063,0.9984129023551941,True
CBASM,18750,0.8691809505224228,0.7059891527891159,0.5789496701955795,0.6424694114923477,0.9975891655683518,True
CBASM,18850,0.8674683147668838,0.7112688910961151,0.5814999371767045,0.6463844141364098,0.9962986981868744,True
CBASM,18950,0.8700593274831772,0.7106239074468612,0.5838320657610894,0.6472279866039753,0.996566053032875,True
CBASM,19050,0.8658379012346268,0.7044593691825867,0.5782808297872544,0.6413700994849205,0.9980146652460098,True
CBASM,19150,0.860540377497673,0.7105468571186065,0.5743747079372405,0.6424607825279236,0.998769861459732,True
CBASM,19250,0.8654894775152207,0.7101016199588776,0.5767694249749183,0.643435522466898,0.9989472478628159,True
CBASM,19350,0.8663158386945724,0.7097032701969147,0.5776263192296028,0.6436647947132588,0.998912404179573,True
CBASM,19450,0.8715919816493988,0.7083362972736359,0.5818909430503845,0.6451136201620102,0.9984172070026398,True
CBASM,19550,0.8681191700696945,0.7123485124111175,0.5792856782674789,0.6458170953392982,0.9989232224225998,True
CBASM,19650,0.865778442621231,0.7104356861114502,0.5765756326913833,0.6435056594014168,0.9990965348482131,True
CBASM,19750,0.8688411152362824,0.7051371216773987,0.5755462482571602,0.6403416849672794,0.9975774914026261,True
CBASM,19850,0.8723406201601028,0.7094701081514359,0.5831317695975303,0.6463009388744831,0.9990878480672837,True
CBASM,19950,0.86376835167408,0.708408807516098,0.5724549585580826,0.6404318830370903,0.9981584697961807,True
CBASM,20050,0.8689550137519837,0.7114078873395919,0.5808925688266754,0.6461502280831337,0.9986800426244735,True
CBASM,20150,0.8735070848464965,0.7086539417505264,0.5842554450035096,0.646454693377018,0.998391170501709,True
CBASM,20250,0.8678219032287597,0.7070262449979782,0.5774702855944633,0.6422482652962208,0.9983654993772507,True
CBASM,20350,0.8666773301362991,0.705207331776619,0.5763182404637337,0.6407627861201763,0.9982490378618241,True
CBASM,20450,0.8666200202703476,0.7053560894727707,0.5756904155015945,0.6405232524871827,0.9981368601322174,True
CBASM,20550,0.8682940471172332,0.7127583897113801,0.580378749370575,0.6465685695409775,0.9991856831312179,True
CBASM,20650,0.8667675858736038,0.7075827884674072,0.5759741780161858,0.6417784832417965,0.998826487660408,True
CBASM,20750,0.8682810431718826,0.7083484798669815,0.5786800104379654,0.6435142451524735,0.9988514101505279,True
CBASM,20850,0.8693149757385253,0.706332596540451,0.5771513703465462,0.6417419834434986,0.9987795627117158,True
CBASM,20950,0.8678286421298981,0.712571604847908,0.5799358224868775,0.6462537136673927,0.9986556309461594,True
CBASM,21050,0.8700069230794907,0.7062918275594712,0.5782301113009453,0.6422609694302082,0.9985196113586425,True
CBASM,21150,0.865070298910141,0.7033370280265808,0.5687688747048378,0.6360529513657093,0.9964173197746277,True
CBASM,21250,0.8758016538619995,0.7124870091676712,0.5884459137916564,0.6504664614796638,0.9989294540882111,True
CBASM,21350,0.8590844976902008,0.7071982550621033,0.5678934639692307,0.637545859515667,0.9984968554973602,True
CBASM,21450,0.8721024709939956,0.7064334613084793,0.5804542025923729,0.6434438319504261,0.9987830710411072,True
CBASM,21550,0.8696820068359375,0.7102018642425537,0.5796124535799027,0.6449071589112282,0.9992257797718048,True
CBASM,21650,0.8724795603752136,0.7083973574638367,0.5820067861676216,0.6452020718157292,0.9990173888206482,True
CBASM,21750,0.8639856058359147,0.711795802116394,0.5783336222171783,0.6450647121667862,0.9973727953433991,True
CBASM,21850,0.8538208663463592,0.7031270343065262,0.5617373937368393,0.6324322140216827,0.9979849755764008,True
CBASM,21950,0.8679968845844269,0.7148604798316955,0.5814394268393517,0.6481499533355236,0.9992265099287033,True
CBASM,22050,0.8634653306007385,0.708989971280098,0.5710888108611107,0.6400393910706044,0.9990231674909592,True
CBASM,22150,0.8689152765274047,0.7153377032279968,0.5806825274229049,0.6480101153254509,0.9992288184165955,True
CBASM,22250,0.8680425065755845,0.7062599581480026,0.5748607724905014,0.640560365319252,0.9989717769622802,True
CBASM,22350,0.8599571508169174,0.7076384031772613,0.5677911737561225,0.6377147884666919,0.9988940721750259,True
CBASM,22450,0.8719813054800034,0.7119525647163392,0.58262242436409,0.6472874945402145,0.9992569231987,True
CBASM,22550,0.8620908284187316,0.7071796464920044,0.5683146277070046,0.6377471370995045,0.9987923657894134,True
CBASM,22650,0.8665937793254852,0.7108024787902832,0.5772698438167572,0.6440361613035201,0.9988067162036895,True
CBASM,22750,0.866457217335701,0.710277104973793,0.5766123014688492,0.6434447032213211,0.9992721843719482,True
CBASM,22850,0.8684447652101517,0.712417865395546,0.5800198423862457,0.6462188538908958,0.9991137963533402,True
CBASM,22950,0.8643866705894471,0.7095789331197738,0.5750069651007652,0.6422929491102696,0.9991562110185623,True
CBASM,23050,0.8709514278173447,0.7115703839063644,0.5826720106601715,0.647121197283268,0.9992696714401245,True
CBASM,23150,0.8694367104768753,0.7101236820220947,0.5787245011329651,0.6444240915775299,0.9991903471946716,True
CBASM,23250,0.867923173904419,0.708409503698349,0.5765725848078728,0.6424910442531109,0.999186629652977,True
CBASM,23350,0.8661057835817337,0.7092797899246216,0.5754662719368935,0.6423730309307575,0.9992129147052765,True
CBASM,23450,0.8690154349803925,0.7108991819620133,0.5791484987735749,0.645023840367794,0.9992928999662399,True
CBASM,23550,0.8730171477794647,0.7115542137622833,0.5840845704078674,0.6478193920850753,0.9994205093383789,True
CBASM,23650,0.8724211078882217,0.7115168112516403,0.5830205610394478,0.647268686145544,0.9992994225025177,True
CBASM,23750,0.8701176905632019,0.7105409675836563,0.5795667910575867,0.6450538793206215,0.9992105036973953,True
CBASM,23850,0.8684958446025849,0.7088636863231659,0.5774934250116348,0.6431785556674003,0.9992290449142456,True
CBASM,23950,0.8719475722312927,0.7093160331249238,0.5814876312017441,0.6454018321633339,0.9994374096393586,True
CBASM,24050,0.8659130847454071,0.7066802269220352,0.5729385739564896,0.6398094004392624,0.9990298861265182,True
CBASM,24150,0.8719498503208161,0.7121377581357956,0.5832852745056152,0.6477115163207054,0.999451612830162,True
CBASM,24250,0.8722643429040908,0.7065630340576172,0.5800421887636185,0.6433026114106178,0.9990829205513001,True
CBASM,24350,0.8697774136066436,0.7089987909793853,0.5781604960560799,0.6435796435177327,0.9994379955530167,True
CBASM,24450,0.8710642939805985,0.7125270599126816,0.5815647894144058,0.6470459246635437,0.9993862903118134,True
CBASM,24550,0.8692837566137314,0.7072432911396027,0.577022950053215,0.6421331205964088,0.9993528598546981,True
CBASM,24650,0.869785583615303,0.7079335016012192,0.5773278939723968,0.642630697786808,0.9992927938699723,True
CBASM,24750,0.8686580771207809,0.7084375673532486,0.5769714242219925,0.6427044957876206,0.9993717706203461,True
CBASM,24850,0.8678815734386444,0.7083154773712158,0.5751002007722854,0.6417078390717507,0.9992204415798187,True
CBASM,24950,0.8676582568883896,0.711603215932846,0.577264751791954,0.6444339838624,0.9993570184707642,True
